uuid,paper_id
8bde6cb8-296d-4593-883f-b768103e1e69,b0d555a9ea67285fccd2ef8d887907bcc811f67a
ade6eb61-946a-49f3-835d-74804cb9de3e,03589e1917debe6df148cac8963fd008e4140237
be2af112-6c57-4598-9813-d02fff71055b,05dec9ff0f48f45b09245ba0354748961f18ff77
899a51ab-0231-4baf-bd9e-a1b15c743623,12355df323e6a82030fa6c98e97b512121367ece
62635add-b59a-45cb-8c3b-b293fc400a5d,1736c33defcf1dda6742e4d577b7e0ce9b63e4fc
e9ed0889-0f44-4467-90c2-98e48f08cb4e,1887d7626acf9e277e5ef7657b796d637f11fcf9
1727d5c0-17bb-47db-ac28-89f30d593e9a,1cf65a8c9e9ac8bd1db487004185ad0e15b9b9dd
6f813e6b-d731-4cbc-b721-17c05bdcd8e3,26092619b8be8f0048172bb52bc07b36129b579e
fbd77515-4f47-4762-b138-d77edfd6aac4,26324601f7c25430adbbeec931b28cf11b2dbe81
3cee92ff-7f59-4baf-9801-be3971eb27d5,283713e08b5b8c559346019c87eb2613e3ab7cbb
12143bd4-e1a1-4e26-8199-41afbd86460c,2a2789e6d86d830d23a70ca8b139959bec916ab6
679f4745-fc60-40ed-bd2f-4a254e2b3197,2a9b20d3467b5f6b5fa7bb4d4dabc36341e0914b
eb5b7d66-6dfa-4963-8a30-483a9dcf1854,2ce3a4cc3c4f1b512121f4f916bed1e311c9ab27
92611a5c-8d1e-451d-94ca-c5e3b4697388,301fab7164598bd80a0e7180993de1759fea5443
cf5b18c5-714c-4ff9-b578-48299970843d,33c950a2ad8fe94684acc13fc47057acc40ba714
0ff5a5e0-7643-4e83-9f8f-b69358f342ea,42e0376c29ad9510464b7a643a49cfc3b60c2cad
a2385e05-574d-4d3e-950e-9123496183fe,4d0963963b26b115d43526b2afbba2573b56c683
9437048b-8331-4832-be12-901c6f90af7b,4eb78d9230d21c0ec8b590d5408b60b8da015986
40439042-e2b0-44af-aeb9-68c8d1473264,591394cfab5879934a59f6c44f03b6c4009042f0
64a91c3b-d8c2-4368-9577-3e5136cf9ca9,592462425a4d23547dd0f3c9318350e5dcceb1a6
67e045da-cc4d-46ae-8c8e-faf4e1cec14c,771ca13f78a6cfda9ed99004a386e9e7e187bd34
bae0117c-e408-4500-951c-16c92af7db95,7b95d389bc6affe6a127d53b04bcfd68138f1a1a
4c174539-e318-4783-9caa-5d6b1e55fe42,7cfff033720ca01f31363f57afaca85e93adf6b7
d58d2358-ec66-47a8-b935-f287b0fac860,851e7b462e225414aa5dda7f626055e3d98bfe2b
1e0acf0e-76d1-4417-acc7-757f7786796f,86d386c09c3e2cdf9d6e13ea4bb7f2ef519011ee
81a83f94-94b0-40b8-919e-adc42a57f667,8a99634e0b418ee61c9bd81f61d334b80486dc53
a754196b-e32a-4f1a-8861-9146f3375bbd,92527edf0fa6fab3c8c63a0ade08b0cc51359d0a
1e605262-258b-4610-947a-17c578abe958,932d69cb4025ad2ef639171a1c54bc300f22cbda
f5ca9333-8256-425e-b5ad-fa613eb1424c,97eb205c9782bdc44b283b6bdaf9b9c7317b9a97
03a3e6f3-75ec-4734-afc2-50f5b8ba273c,9a8d4040ae01b3522c02e93cd238a0eac2a88214
bc8ad13b-0376-47c5-89a9-7222eda3750e,a011209e0628633b60223311797bc29c3a6902f8
8cb87b58-25d3-4fd2-920c-9dec434843b6,aabb37f4a00e7759b69942ff50c71fe862f8e56c
655c468d-632a-43fb-880f-b28681cde20b,ba24777b3fbaed39c67b87c67980100ee3607e2e
28dfac93-db8a-4759-9711-8c84dcc78076,bd3794c777af5ba363abae5708050ea78ecc97e2
f4757cfa-5913-4452-b2cf-45ead3177461,c3583d4636426b11ae80e74d4b169c48c8b02f9e
adb68da6-d623-46e6-a68d-cb0c78569658,eb82d3035849cd23578096462ba419b53198a556
47dfc1c7-8a74-47b7-8f3c-10783e2f721b,f280c160c1c749727b905b56364bb2d764b35629
77c4043a-1b88-4852-88b2-9994130f023e,f7fe3f870ef5e1a74600c8808c07732cd2e5142d
0d2c02bf-eece-4eba-9621-8128c107fcc4,ff30cca624b6a64d561310f564873a63fb413ef1
ee8ca0e3-c563-4ffc-8a9b-f6817c85f86a,00dc2bd799a58aa1631d7e5a27c1f4c5ff315030
6d09df25-d37e-44e2-8f90-bcacdeb51380,1cf65a8c9e9ac8bd1db487004185ad0e15b9b9dd
5d27aad7-aa4c-4ba3-85af-2896127409f9,1ebb9b20a7477a0498449968f04fffee7d8165f7
8b575b81-6bb2-4485-8a40-ae42477000c3,228bad0fb34135758e80539a5d8463b2820dcb98
eb883ea1-93ab-40e6-ae62-05bff7fb5fdb,26324601f7c25430adbbeec931b28cf11b2dbe81
8d752424-a581-40de-a43f-651e28b9711d,2d7f212d9251afc479d9a67570d5e0a5b4337d04
b5b3830b-a5ab-4e01-8768-655b31f0af35,3937668b4c34d3801ba929b84be115d99bcf749c
b5c291ab-7066-4efd-9eed-c0ff2cc2ed89,48b5041a24cbf3048c97e85c4fd7c0214da942b5
4f822c29-f981-4aed-b516-325fca393fd1,6f915f50f273c8b561978761f9ea2179e8d25296
1db7230d-8959-46c3-8c45-4106b2e6dcb3,771ca13f78a6cfda9ed99004a386e9e7e187bd34
fa5c8cb2-3666-449a-9f6f-f2cba35daca6,7b95d389bc6affe6a127d53b04bcfd68138f1a1a
1a6ea996-ca15-4609-81ad-8964e1155b03,83b2f3f334036ff792cdf1f8d1dff183813fae1e
32d36761-faef-4462-a59f-4f8e82c0c3d4,8d1008a699d8f4084cffb32f2bd540af458edf05
39d59b01-2268-43a2-8283-4c3daa1d6ca1,9a12ac1e3b51f30042abdadc5636c88d41bf0ca7
fd067742-5c27-4b86-b628-3ac38ad27293,bf8de8f6f7b7fb916ebc692195c247970df38f41
f4a67529-2c59-4067-99b7-d1884ba6122e,c63a04fc0e814b9077a9e539a11bc57fe27e0560
a7733a30-8eec-4033-88f8-67180d2af152,df64be1e1c486038380199d124fc2b15536adfcc
cf957572-f58d-4950-b5ed-a852ecb1c2a5,e17283db2dadc7467802648ac2a94945dc7a5242
3fd01299-134c-43f0-83c7-24427c18bb5c,ee800bab67e177e4676578f621db59a0faa736cd
4d623f6c-d2d4-453a-97b8-c1b44af33b85,f280c160c1c749727b905b56364bb2d764b35629
c119f9ca-3051-457d-a9d4-e21be561c0ab,00311d4a5ed649f720589a580c38d4035bfc65ea
b2a1bb22-5fa3-4005-8ce3-c0f8d93c2b39,03589e1917debe6df148cac8963fd008e4140237
2a5d43b3-4263-4fef-a841-c0756f79f95a,036c70cd07e4a2024eb71b2b1e0c1bc872cff107
94fbc8f9-88e7-41d1-9b95-80b6cd1fdedc,142ad44257112a459535ed9e6d1457a2116741f4
0e4dc9c5-3b1a-4f7f-8587-bdddd193ebe4,1736c33defcf1dda6742e4d577b7e0ce9b63e4fc
42814638-c984-4a8e-a84f-f47cad970148,184b7281a87ee16228b24716ca02b29519d52eb5
240abb35-0248-4e24-aad0-501e2542a3b8,1a270e6223a2a5cc14f8b8b8aeecaf3249cd77f4
5d1a98d5-2719-4bcf-ae8f-eb4c39ff5729,1bc8c2ab38336257ec8f4ac227d69f185d245139
e90507f1-b504-4d18-bb39-8de9c5ba3d1e,1cf65a8c9e9ac8bd1db487004185ad0e15b9b9dd
1d5addcd-244c-43ac-b454-78fcdc4c4c49,26092619b8be8f0048172bb52bc07b36129b579e
26e24bae-ddba-4ad5-b59a-ac3975d12330,26324601f7c25430adbbeec931b28cf11b2dbe81
fd0c7d15-f80f-4c0b-ba13-3769ef38fcc1,2a2789e6d86d830d23a70ca8b139959bec916ab6
ca46649a-e797-4f6a-807d-7b77ff8f94c3,2a9b20d3467b5f6b5fa7bb4d4dabc36341e0914b
be3f1c92-2b6e-431d-b065-13bfa721bff1,2c55c06248712347847966a0688fe5c01af887b5
5a0d9f63-c964-44c4-88ca-5324a1818787,2d0be215ef07a95b88abf54e4797b342fcc542cd
425a56c3-ad7c-4ceb-a44d-2b740e8830f3,2d7f212d9251afc479d9a67570d5e0a5b4337d04
c2571918-8ac7-4b88-b901-f881f859b50c,301fab7164598bd80a0e7180993de1759fea5443
f0a94a5e-fbaa-46d9-b5b0-22c78eb01981,33549866c0bb3ad7dba836ad31ffe11c628659dc
8dda1eab-eaa7-4b4a-b1a0-5302d6bcd1e4,3c0312918ac9fea614abaa0732d83f3e76c16f7d
d2858edd-2582-43f0-b8cd-83718e47d0ce,42e0376c29ad9510464b7a643a49cfc3b60c2cad
1f2c0411-527b-485d-afc2-3f68a749d4be,43028eb8c27f4f9b8894b5121b7a8266804391a8
9c0abf52-30ab-4e33-b803-594a8cd41d6e,48af695196466a5867629599033e4682d87bd117
e15949f0-5345-43ba-bd41-a86e20c5256b,4c5fba8413f97d65d3ff54c89e6e87e135b92dd8
c2c8ad21-5f4a-4c5b-9221-f4073882cada,4e02155729da96bfc13464adc2300d1ba1b9a86f
e328dde7-3b35-438a-a731-8d4ceceedfec,50d85cb114f7c5e779a6772f2931e77dddd54a5e
462c74fd-ef8a-4f5b-8b78-236546685c3f,591394cfab5879934a59f6c44f03b6c4009042f0
1ee9bc70-7141-4cb4-b148-6eca5e6fb34a,5db11e5a77f085968701e15cb8267ad96baf6d5b
b5f2adad-df67-415d-9578-721b67174520,5f3b50c6c826ad105163b09d53e1eb498a4b3994
af5f67ae-b4e8-468b-93fe-d49af2be72ea,6170497ace034c2147636c1c7c916da859812712
ff00071e-be33-4d98-9c00-1b3ebeba1cb7,65fec009b591e8798680b78744f3076552d2a483
89e8f0d3-d3d0-427e-87dc-d96661cdd200,6865370679c3c11f5bffee5370e697d65dfa9579
ec7cfff3-342c-470c-96b3-dfe0eb6c5980,6df733a3274c55414629c5e90debef629631fcaa
d9fd20d7-1207-47a1-9964-d14d154a7360,70b79d60ab43766364ba52c68d4fa88206fcb1c1
bdb08769-8b64-4f59-9e17-d36d149d1670,71522cad10a2843568073ce42c4f18ffd4107cd2
4332cbf0-6111-457a-9889-1d8a6f2dc216,771ca13f78a6cfda9ed99004a386e9e7e187bd34
208546c6-a012-4dec-a2bb-ff08242f7c9f,7b95d389bc6affe6a127d53b04bcfd68138f1a1a
3fb1ff23-40e6-4778-9f1f-2e0864b80934,7c82c24029031c3aaca4db51972fba3364626dab
64b763ba-56e6-4dce-8631-8fbeaad02737,7cfff033720ca01f31363f57afaca85e93adf6b7
0dcd0f41-869b-496c-8a19-8b5f754caf98,851e7b462e225414aa5dda7f626055e3d98bfe2b
d9708b26-90f7-4320-8280-3b56b27fa43b,86d386c09c3e2cdf9d6e13ea4bb7f2ef519011ee
a9e5c6ca-921e-4ee7-955b-d9f1d9f45ffe,87fae85bd49e908161437b01af545be0e61eb50d
459a677b-6b9c-47a2-9d4b-a1e9a75fce0f,8a99634e0b418ee61c9bd81f61d334b80486dc53
42cf719a-b8b0-4207-b4d4-8b907c158e85,8d1008a699d8f4084cffb32f2bd540af458edf05
95df855b-92f1-4d41-bae4-730861c8bb38,92527edf0fa6fab3c8c63a0ade08b0cc51359d0a
c148519b-4ac6-4f4d-87ca-26cd903434db,9b739b106b585c963cca70a10f38e564cc9d98cc
8a7172c7-25e5-4acc-809e-8e4077ff200a,9c93dd3ea94a3e81e6240a51968ad6f1d40380f3
36e78a97-6105-4bb8-94a6-bb3076ea4a41,a627d680f12b415fc07328250b4a7c5a9ee90015
26ca9bab-bda3-454d-b0d5-24f61d11be8d,b7b6d83dab32f5495e0781111082a5e693519573
02d057ab-9aa4-4da1-a42e-18b26ac10241,b9efcc50eec7d8ee328d695da6787fdf1fdc8627
363995f9-ffa6-4bb3-85de-1c034498767a,ca64355cd4f8a88c714707546a1d5e25830f216a
f121e628-d6c8-44f5-8614-5702901c64d2,d7e6b9d191ddb67fc8efafab244afad01c674716
342ab8b8-694d-4f0f-92e7-0b588fc6971e,db6e7bf70858e7fe68887f1bbcbec184eb439bab
b7259680-3f09-4118-bd6e-9bf1ba96bbeb,de2a0b7ec920e94fcbdeb9ae1f6c7e92cd1e7470
99ce13dc-439f-48d2-b5e7-203a060c8ee7,eee1df8424e454138cb0043779b2e0f620381e2f
6335abc3-4d78-404d-abb5-3ababecbfe34,f7fe3f870ef5e1a74600c8808c07732cd2e5142d
2cc26980-1b64-4494-a3da-6c25cde2a9a5,fc270f31bdb6a6106f9a04fb00eae51b89391317
572de439-2ca2-4aff-8d40-d1307beb5986,058861dd838ddf4a6a36860f54e82e11f8945b32
d1e37e40-a204-477a-8841-71b72793064b,08114d2a653c725f6d62e05b4e566177d0e9a010
7e74dedc-1238-4f43-93de-84ab86ad0412,10e3137023969b3cf74b3488d5f5a29e7dd5bd80
4999bb51-a3a3-493d-a40c-90dbaf0e0cca,1fb53788bd052bc09e727aaab8d381b8ff9a201d
a3ede5d0-d4af-4567-a8ce-2d4d3b03410e,23e474cf47b6842460cc5a094d742c507611a49a
1d172749-19cb-4845-b661-6347295e0c86,2a56a1a776beda725f8d1873eef6dc82396c90d1
27ef7fd8-244a-4efe-bc3e-3d92be8f2c0a,3f37032782095a14df75974513a219a656366fd8
5aec1af3-91d3-464a-90b0-e96bb282a9c5,4426caea4290d9dc00458143704c64a6e6d66ea5
7efc6946-8930-43d4-b968-d04b4311f071,4757d089891329c2ba946b714b2ba98bdb36ee71
ee7598e5-31d8-4f88-8b21-8340126be20d,4abe2165b0f43588134dc06ea4b4e917ba74924e
2e260db8-e653-4d24-8c45-780d139097c7,7b04a11fecf21832194cc2f1b03bebb69c399443
49f3bb3c-25ab-4f68-9040-071cb2ed735f,7ba01544f3bce974f0120b88365a13cb91ed1deb
894fcab6-4ebc-47bc-8efa-95f51c34cfc7,8221ed66d16b608653393757eaf443187ffe60a0
135fa202-a0cb-49b4-aa5d-39f761b4542b,8e5f1448c34cfd78b85ef2601ddc2fda84fde101
a049c736-0875-4d17-a0f5-5f10cf57bc3a,90b140ec27bdc4202ad5e0e12bbf5763d07c16fd
7c5abc4f-f3df-4cba-9788-1de3a4754423,9635499fa5b0d065628211e193c92f7537dc7a3a
a84b91d6-8199-484e-866a-9e2e51febf74,aab43c9c33af00b718cf2ae374b861d49862a563
166a10f3-4b37-401d-a3d8-eef1a17f76e2,aec689348930987ea822e5fac6746cd7a6087518
62e22cdb-4927-42a5-b7fc-bb0b195f72d5,d081b38f536e6cbeeecac61bd556bd7a2577d05f
505e0cce-f08e-48f6-80ef-adfa1e17ff3b,daac06a4830488f0d47278e3c0c17394646d8354
5c3b32c7-cc8d-4500-870b-52702918ff43,fa27189fb9955538b0590d16b525af1dc3ad5a8b
eb45469d-b9c9-456c-8469-9aec3c5f8286,00dc2bd799a58aa1631d7e5a27c1f4c5ff315030
7f39610b-7406-4a55-a438-92a50bafcaa7,10dee0494e7cb5147b1dff2205fb09944531da30
e82ce5e2-8d7e-4a4e-a13e-e8d940c490a8,1487a76161646cc378c757dc91ecfc638a1dad3c
531613b4-1c18-4995-a4bd-c6a1517e5d9b,1cf65a8c9e9ac8bd1db487004185ad0e15b9b9dd
f4ea7243-f686-4cd4-8968-ffa36f295839,1e1f53947628b324af8740fd73cd26347779d635
26e1a45a-6b15-4d42-99fb-d46b0ca37e96,1ebb9b20a7477a0498449968f04fffee7d8165f7
852175e7-4e92-4995-89f1-daa5b33fe894,2276c52c3ba47936e97d6fb3755f363a02157445
59d327df-d3db-40fc-b7db-ef6c7632cbc5,228bad0fb34135758e80539a5d8463b2820dcb98
69cdab56-65dd-4200-8865-22fd92fd436b,23f04995a886b537d34ac255a5e6447ec59e0d08
744d8d9a-f29f-46ab-b935-3353626e2eed,26324601f7c25430adbbeec931b28cf11b2dbe81
99d74c1f-8f14-4c48-aeca-db3c9be8f89b,283713e08b5b8c559346019c87eb2613e3ab7cbb
f6c6dcb1-bfb5-43d7-bf79-2d86a67d2082,2c56421ff3c2a69894d28b09a656b7157df8eb83
0fa2bd46-ec85-42d9-876c-a6551c05047b,2ce3a4cc3c4f1b512121f4f916bed1e311c9ab27
5964e23c-b126-472c-bf40-a749b8695beb,2d7f212d9251afc479d9a67570d5e0a5b4337d04
8949d9e8-7b8d-4e2c-87c3-8cabfa05fa4a,350401d1700be7c7d916594acb757a73a0fe8364
f1497616-fa07-4f0a-baed-a2af20acf0b5,38f81d0a1eede4d7b7df169a92df22906c92a950
607c1f53-c2a4-4a98-a916-b06119623f5d,44ad34733933899718942dd814a52db29c33f35d
3bf2c7f4-5191-449b-a864-1d2c6ed90abb,48b5041a24cbf3048c97e85c4fd7c0214da942b5
c02416c7-9e61-4aeb-aa4d-6a62ef50ca54,4a775468c42ae34072913fc3e67cd64b2377ec31
2ad52d03-5344-4f5f-adc6-c5afa32526bb,5345f10214ff8226bdb852dfe2233a18a31465e5
3856754e-4f7d-43cb-b9c2-57e9018e65a7,57ce34d6042ba68290fea07f9ef38140d49f6e54
787f2d64-eab5-4012-b436-761b5306da50,60a244e8ba7926ed8e58f1e04353883c434b3746
d28c1697-7cdb-46db-af5f-48fa78feb23f,687f28a77c6c2fbc2a59785eda8e05a8bab255b7
e018e8ee-001c-4768-b4db-d6e51c003fb1,6f915f50f273c8b561978761f9ea2179e8d25296
942774cb-a167-47e0-b8f9-fdeffe445a83,75df8d00e9633c8d28c1a6b6463950bb1dcdee14
ca928c98-80ba-4982-99c9-0a0d17a924cc,76b2edf8c223a7b2f0a65d86e79b1496723b1158
459545c5-d683-4909-ad89-d8edaccbf485,771ca13f78a6cfda9ed99004a386e9e7e187bd34
63b58850-3ebc-4fab-aa64-371d5e8e7b06,795ab91272adaab848cb14de1dd9b105a93b5c67
dfdfff76-a2c9-4ff4-9c7a-34925984b193,7b95d389bc6affe6a127d53b04bcfd68138f1a1a
56c9a8be-2dff-426f-bf05-16b6ff2dde95,8490234d79b47e459824dcf87c1e288211a3c964
4bd48df6-1dfb-44b2-885b-e18e56e33d75,851e7b462e225414aa5dda7f626055e3d98bfe2b
7b8919c0-9dbb-463a-b9db-00e691d44bb7,897d54e6c41aea291f8ed32da66252c9724a28e1
15e21c67-41c1-454c-9fb3-6aa04169be90,8d1008a699d8f4084cffb32f2bd540af458edf05
4aaecce6-1ea2-4849-bc1d-04d897f5a6e9,91099274a8c027abebb75bfa3cc0ba6ee52d8b07
52456d2e-e522-4720-96d9-df6469c06179,92053021a4638e049743231ce4b761ae82b9cbfb
b527a3e3-f8d2-419b-ad5d-1e228f0ec213,92527edf0fa6fab3c8c63a0ade08b0cc51359d0a
04312c8f-205d-4bc8-afc1-5cef5bff8a5b,9a12ac1e3b51f30042abdadc5636c88d41bf0ca7
7b6d95f3-8f33-4b4b-83cc-fba15edae64f,9bf69ca6a1a410a80df8e106db34973c21ef7ff4
030ec9f2-331f-43b8-bcb6-862a0ad8df8d,a72c8f10a5c0aa428dc22ac53e3cd4b9415ad193
7dc2e47d-c142-4c93-886b-f9e4e88fa3b0,a86a96b11436845b937d5b715a31a92098096852
df4683ac-db4a-403f-9ca9-c85f50c26870,ace4eeebb008eca2671a1c50121106f5debcda32
555f9e27-43a3-4c98-ae78-948b8d5015ac,b7b6d83dab32f5495e0781111082a5e693519573
f1442b7d-11c7-4833-9ee9-e63c86ad9031,be7018cc379ed0a03ef07cd4e30c552dd6374173
366a8c63-ac3e-4123-93cf-b592e327986b,be9cd59600a1825290e63727340a25955053d4b3
f2342d28-3628-46c3-a37e-45e6fafdfff5,bf8de8f6f7b7fb916ebc692195c247970df38f41
7e79e669-068d-47e0-8e3a-9699438e7f3d,bfe0c014c7cc19fe831eb55ccc404b879abe00ef
0163bdc9-a46f-4643-8ca9-5e9e9f9c7f03,c00ea94ac09839b66cb5ea2f47c610880e3aeaee
411df3d1-be61-4135-84c0-8d22b8c5f601,c4527775bb17f6ea95641e7d0a3eaca5f73344d0
8b22d664-8e9d-4218-94f9-dccdf5ef561e,da3ab8d3ad8b84a1d8e20d67cec4b42d394513d1
3f314f95-fd03-43a6-85ce-4de4be3767e5,df64be1e1c486038380199d124fc2b15536adfcc
825022db-cf23-4395-a99d-65578dc729bc,e14a16d4ea5634feb5224702459029cb4e622b0b
7ba8d586-5720-4ab1-a2ab-9b2410183f6e,e17283db2dadc7467802648ac2a94945dc7a5242
77cbde7e-dde8-4646-ade3-9cef7f9a8828,e457e298b9dfc7c984b05f33ef094a7a24cd619d
38e57902-4c36-4457-a50a-879b01d071b8,f10a882cfd01a47014bd3ec5961fdbd2726e9e13
69bcb17d-2f77-444a-b962-6459c2d69dc6,f280c160c1c749727b905b56364bb2d764b35629
44a9153f-a983-4a69-8731-a19bc75b012a,f6219ee040df65d3ca6fba52b01a3df376ffbde0
478f4928-a96b-4699-b13e-b1e1a919a916,f7fe3f870ef5e1a74600c8808c07732cd2e5142d
9a27a1b6-33e6-458b-ad53-9ce1adeb8da4,f8c71cc546ecf355fbc7f6efb2a57caf1c5c3cd9
a714e23c-8f0d-4fcc-b183-fff5cf6ee7fe,05dec9ff0f48f45b09245ba0354748961f18ff77
3343ef3c-af18-4a5e-a98b-0ea85f3e6110,0834e74304b547c9354b6d7da6fa78ef47a48fa8
d23ac86c-cbd1-46b5-8940-b29426c8c710,184ac0766262312ba76bbdece4e7ffad0aa8180b
46454788-26f5-46bd-b004-86461edc9bae,23045299013e8738bc8eff73827ef8de256aef66
e6b1a77a-1ecb-42a6-9685-47a41b8fe168,26092619b8be8f0048172bb52bc07b36129b579e
d16d23e7-fcc6-4606-b1ab-964a40d09635,2a9b20d3467b5f6b5fa7bb4d4dabc36341e0914b
e39e60d7-b26e-4e7f-8c37-b97c17ad3dd9,691cf4ac4474d64d88939d2851fa67c574b32ff1
c0b5cb2f-9dd5-47a5-be61-7b0b2f1aab58,7b95d389bc6affe6a127d53b04bcfd68138f1a1a
d39e8c26-ab50-4746-89cb-af42be8f05fb,7cfff033720ca01f31363f57afaca85e93adf6b7
2c2d5963-2afa-4835-aebe-88d6927ab0b5,806c2c4327a31fded64a5d673ab82b133194c234
a9a542eb-6c6e-4aca-8c0e-fbe0ce304fb8,8254e80ec16cb40ad0d692ac9169089c2491f1e7
8767d314-7cbd-4449-b856-5d62be9f0c4c,87f40e6f3022adbc1f1905e3e506abad05a9964f
6390714d-2994-4399-9668-53180d9000fa,8a99634e0b418ee61c9bd81f61d334b80486dc53
dd0389a2-6684-45de-93fc-5d6ebab29032,9a0af9e48aad89512ce3e24b6a1853ed3d5d9142
f00a222c-3796-4fd7-9679-ac1f11a54139,b0d555a9ea67285fccd2ef8d887907bcc811f67a
c3e998da-aeba-4460-9225-12bc70e54556,bfe3927c8ce03a641f957cfb7335052d332ff8a2
7d6521c9-9cc6-42fe-a278-a748495da106,ce146443435b4b7e4f2f4ce99adb9b86f1222e5e
78d62ab9-4369-433a-a67c-f31a16ab8eef,e2dba792360873aef125572812f3673b1a85d850
d65ab9ba-3bb1-48c7-bf6d-04d253e470af,eb82d3035849cd23578096462ba419b53198a556
8e97c51e-a12e-4b9b-ab17-7f44fdedaefb,f198043a866e9187925a8d8db9a55e3bfdd47f2c
970abb29-5dd6-4fa2-9f49-f09a03466530,02adea3455cd7b09e1dac9ddf2637a1e7ae84005
02391255-1e0a-4227-ab98-b546d4ddf28b,0f550de3ae32165cbf19af8d6fbe0bf8aa2f7ebd
2b2a5a7e-c992-4844-9275-c12bc571e125,1504a9d5829033a8cb4cf37b8bb13dfd4baddc7b
f0566640-3ab6-4499-b880-d3775088948d,1ebb9b20a7477a0498449968f04fffee7d8165f7
9a28e0e1-06da-4767-9265-2be409b801b8,26324601f7c25430adbbeec931b28cf11b2dbe81
53a6352f-1209-4b7c-813f-9f5e554f6851,2d7f212d9251afc479d9a67570d5e0a5b4337d04
3ab4ab3e-9dd4-4892-8a99-dce9710d3b0e,380e15e151130a707046b48550c2560972a77954
79d8ded2-0c53-4c51-8fb2-bf5d76fe2776,419eb3afefad9857d53b725264cd68fdbbf69286
18c9e09f-1250-42b3-923c-58dbf968013a,452a881433761181d4c2f9fe6077bdb4eb84dde3
7053397c-a46e-496b-bb26-0d1564dfd5aa,47cb5144741d4181b8d0ff3a8642bced08cdaca9
abe64d2e-913e-41b3-9337-ada8dfe1be46,6f915f50f273c8b561978761f9ea2179e8d25296
b3e80dbc-ed6a-4ca4-bab9-7b23dd66c1ad,8a5a2ac9c63c7d055ef3f695229eba04ee688c7a
a7460db9-3187-4e33-b63b-73120858718e,8d1008a699d8f4084cffb32f2bd540af458edf05
470e604d-2b74-457e-84c5-3a6dfe76dc9f,92053021a4638e049743231ce4b761ae82b9cbfb
343f6dce-433f-4035-b27f-3e098e12d2b2,03589e1917debe6df148cac8963fd008e4140237
54bddc94-43f4-4cba-9507-42fed34631de,05267f0a2a27aeaddee05ba3d45e3d029ec432fd
523c2ffa-2b77-4937-9bba-ceab3cdd3e20,10d6778bc45aebcd58d336b4062b935861d2fe8a
4c479a17-c92c-4a68-abe9-17da14b8ebf0,1736c33defcf1dda6742e4d577b7e0ce9b63e4fc
1bbd2aae-d897-43a3-b9fe-e3044fdaef51,1a270e6223a2a5cc14f8b8b8aeecaf3249cd77f4
ed14e75c-fc7c-4893-a2cd-2b92eb8463ba,1cf65a8c9e9ac8bd1db487004185ad0e15b9b9dd
d36ab2bc-2a58-45cb-9013-4c7544a623df,24b06b15cc18b4b44738747380108ba72bbc3ada
b98bdffe-e3cf-45cb-8a6b-a07e82b200a4,2a2789e6d86d830d23a70ca8b139959bec916ab6
e41b8d26-0151-4211-bbc1-0df820e30219,301fab7164598bd80a0e7180993de1759fea5443
4c8d719d-23d4-4947-abb6-d0feca4faefc,33549866c0bb3ad7dba836ad31ffe11c628659dc
a4382d7e-6516-4e35-abe0-a89a4f9342c2,42e0376c29ad9510464b7a643a49cfc3b60c2cad
d8b75fc9-344f-44be-b5c4-ace9bdcdf1a7,591394cfab5879934a59f6c44f03b6c4009042f0
5bd6b355-19cb-4eb3-be16-32b4b93a5ce1,592462425a4d23547dd0f3c9318350e5dcceb1a6
161046ec-2ece-4049-a0e5-44a1a22973a4,66ed74615d00a4bc2bbbc19dad11b6f03fe2f63d
42dc45f0-1f0e-4d7b-a546-fa61a89eb526,6b296e9c79ea0dba405a77361c7c88fb5bae982a
0d20f762-665b-4c76-9cba-c15a7b86c6d6,6d1f45f0615a131b11c0dafa21b0324feaf68f12
d8fd6401-2f8e-4e1d-9e50-21e2598ee9e8,71522cad10a2843568073ce42c4f18ffd4107cd2
60a323ec-1be0-408c-a99b-4157e568adab,771ca13f78a6cfda9ed99004a386e9e7e187bd34
7220e85d-e07f-4547-bc99-000e9e600621,7b95d389bc6affe6a127d53b04bcfd68138f1a1a
b8b30b18-c2f9-4999-9695-d27c4a192b86,7c82c24029031c3aaca4db51972fba3364626dab
58b13715-fc87-435a-9287-ec24615b1c5c,7cfff033720ca01f31363f57afaca85e93adf6b7
ac892f1a-ddc8-4936-8fcd-6217dd5aaaf0,806c2c4327a31fded64a5d673ab82b133194c234
a4ddfc21-5f81-4443-83eb-f87bc60d9a0d,87fae85bd49e908161437b01af545be0e61eb50d
5c6b2e13-3803-4619-a8ec-3e0abab13177,8a99634e0b418ee61c9bd81f61d334b80486dc53
b1ffdeb8-84a1-4724-b66c-271e928549ee,92527edf0fa6fab3c8c63a0ade08b0cc51359d0a
f204c0ef-96b9-4a1b-8e54-415014e5213e,945660b9f1e0fbec5c94988e5822f8d6dd3e7510
bab97b19-7331-46ee-8283-291c4db9598d,97eb205c9782bdc44b283b6bdaf9b9c7317b9a97
da170ca2-2bfb-4883-ad42-88879c009c4d,a66944778b5c752f347299e35c35589b5a95b31d
a9f54a7b-d9ce-4eab-a97d-e91d95c8a173,a72c8f10a5c0aa428dc22ac53e3cd4b9415ad193
9c058232-0587-4bd8-99f8-ffbcbc3f4d0d,b7b6d83dab32f5495e0781111082a5e693519573
72a7adc0-e45a-438f-a257-b9eeca085d58,ca64355cd4f8a88c714707546a1d5e25830f216a
050e616d-bb13-4e36-b565-2c395d30043a,e256926fc421f14c79df65dbba3f0ca457e6d8db
a2da29a4-5aae-4a74-9462-08a8bb7e4277,eb82d3035849cd23578096462ba419b53198a556
e1a73a87-523f-4b5a-b8d1-d7d4dc0c5ce0,22e64291f18cbf3309fe1624a16a18722e1da381
2b2b0227-6995-4393-aa3e-a42ab6d2cb82,2b2eb4a9bb146e3ffaa0b025fba0ed14240c683f
574202db-fe34-43af-a1ec-a273a5590a8b,4a48e0d97d9f61a92841151b7cd3d4923edd6a8e
d43173fd-c6d7-4abc-a466-445227e404e9,4dc90c9a7a21fcc0dcfac671ab25261ca2e75389
278d18a7-c54b-4e1a-862b-9604abd75412,5091432cf2773e124f94a31ead1eec01cb85d4ee
c8c88167-bd64-48b1-ab3f-56f4838249b8,613b6c9a85ae338cd3b405dc019c8edb1c15717c
6821aac5-ce59-4064-8a0a-d939892b306b,6f915f50f273c8b561978761f9ea2179e8d25296
812da32b-7cfb-4209-af2b-45b01994ac35,97d034da363f61f21a88d0c2fa23b8c4f486766a
144ab5f2-21d4-477d-984a-86533237df94,9817224103bdc92c81630ca27d1136efff23906e
58577c26-69d4-4037-ac40-f1784a7edc56,9a12ac1e3b51f30042abdadc5636c88d41bf0ca7
84d2abee-1db2-4bf8-82aa-7b98316338fd,c73409031056897e67884c6d5852a5c146235c99
81cf5c20-ed69-43ef-bb70-f82e3d75defa,d9ff3082be8ba7d91e9d74ad90cf7492ab58021b
0fad08a4-0b79-4060-b98f-d993e1485992,de9feb8515cd6862df9a6b6f593fe62c2a6e1631
19781348-97ba-4969-a2f0-dc44a14a4ae6,6f915f50f273c8b561978761f9ea2179e8d25296
f7e3332b-c337-43be-beb8-8d9d5ce15a7e,a651bb7cc7fc68ece0cc66ab921486d163373385
fcbccd34-d15a-4a53-b6ea-dde5c8215141,e50a316f97c9a405aa000d883a633bd5707f1a34
1b049259-8d03-4562-9e2d-fb8d384ba5cf,efb7687e48ad3a47751029d6acc3d10b95ed8125
0876fad4-b80c-4356-be5f-b14301b52501,036c70cd07e4a2024eb71b2b1e0c1bc872cff107
67080785-d413-4fcc-9827-2b7a244ed2df,084c55d6432265785e3ff86a2e900a49d501c00a
d568efe7-e558-4248-bc09-345c7cb78129,1bc8c2ab38336257ec8f4ac227d69f185d245139
70840a19-48bd-46b4-8a03-cd5c082bd9a4,30d7f716c1d17bebaa1481526be92c4d28dc6e4c
10c33d3b-c37a-45d2-932a-87496d9eb645,33a0212a8c5be9be718667f2317470a435b60116
f2136946-1b26-42fa-a14b-43187d3fbcbe,44fca068eecce2203d111213e3691647914a3945
0f23ac83-b9da-460a-9033-8de0696f5781,500cfc844d73e582f14a7c9ea07d789a8c5678d1
275a98cf-f642-4a77-bbbf-b1e337851483,5f9623a2959117dc05f2af3b961fd035a3f22d41
5f6c204f-1b12-4a39-9dd6-267db042e471,64e21cb48991fc06169692343241cea4c21d0151
9f884f4b-60e5-41d9-8ade-8f156d7e56b2,70cb232a6e391bfa49b0441a9956820c52ec32f2
4b5a02de-73a9-4cad-a259-6b0b524e59ba,82263442399ec1aa16b2fe1fb4eabdf586b4900b
2de2855e-e884-41e4-90ab-6a64f2cc0934,83965fb947855d27d9936ed60941c3386cc5728a
49bcf165-e6a6-4c76-adf2-0b62bfcab2d7,92053021a4638e049743231ce4b761ae82b9cbfb
85577bcb-2b40-4702-8dd2-ee65007efb6e,957405762de4a3e4d1d82e3e8e57b327acb8b084
94a4737f-90f1-4215-ac9a-f7b151f8c3ee,b0e4485d39eb2cb734bb48e29425381fad679ce5
e17ce7f4-f65f-4ba9-9cef-f71e3457be1d,bfb712fc58bd3e6b851a51a7669ffd0016646cab
8760e417-3c46-4b19-a5fa-ca8550d17fff,c3d30a92d81e4dc0eaada8866b89a69fbd597174
2ecd5f0d-d736-4380-bde0-4e079270fa54,d80a6a85b0c263d638877fff66ddc12963e3c34f
87ef2476-04ed-4f57-897c-1f25f2fe28b6,d8554b2ceb4a171667abb8acf6e262b621b51a1e
92310b63-d41b-4ba2-adca-6fb49d4c0a7b,e3a329484b160634c3b6d0bbac9b88b4c249b309
7c9cc701-4cff-420d-b5d5-1d13c73e002f,fdf4aa623e4d5b5edaeb873ed8e8b1cef0b59c87
79630bcb-eff7-44ad-a8af-725deee47b0d,00a3f6924f90fcd77e6e7e6534b957a75d0ced07
fdddf195-c6f8-4c44-bcc1-fbe4b0e95212,00dc2bd799a58aa1631d7e5a27c1f4c5ff315030
a04b7cca-9897-4d4e-8473-c1f428f85f9a,03589e1917debe6df148cac8963fd008e4140237
f2829a1e-e864-419b-8ce4-0b52bdebda2d,04db4ec2b0c07e7c250c23f8325e0387566dd1e5
a88c58fb-c4c9-45bc-a06c-f7afc5a9645c,10d6778bc45aebcd58d336b4062b935861d2fe8a
61e1195e-52a8-4e2b-a038-23f5d7bc5dbb,10dee0494e7cb5147b1dff2205fb09944531da30
4b24a4d7-2f2c-4d6c-a7c5-199791e8a2a2,1736c33defcf1dda6742e4d577b7e0ce9b63e4fc
ac227604-3462-42a5-8ab4-d681ed1b1e32,1976c9eeccc7115d18a04f1e7fb5145db6b96002
06954fdd-c431-4a25-806d-f7520edb6586,1cf65a8c9e9ac8bd1db487004185ad0e15b9b9dd
0d044c7a-38fc-4b35-9300-8892ca47166e,20b9cf4eaa8f08919e1bca5564b21f346806e19a
47359416-a8b1-40bb-899f-73d3775cb28b,26324601f7c25430adbbeec931b28cf11b2dbe81
f8ea41de-a9c0-45eb-95b6-996614327989,283713e08b5b8c559346019c87eb2613e3ab7cbb
e8f37991-f343-4505-b1c0-af55576dfe7d,2b473176be67cef1daa0379fa1616d5b7f248557
b08e7c31-17c9-4f77-8758-9a3bd11aac68,2bcafc2c406dc9a9bd380f17c71bb1e0b8d06747
a912ea66-3127-4d26-bb35-b93c35d81a20,2ce3a4cc3c4f1b512121f4f916bed1e311c9ab27
b282a0ea-f1b0-46f5-847f-d8d0dfab358d,2d49b2697225b6f63fa23d31487ed609abedf1f7
770d15df-5863-4247-a950-390607ba6e2c,2d7f212d9251afc479d9a67570d5e0a5b4337d04
3358d600-9f4c-4e51-bcbe-2a25d2f3273f,301fab7164598bd80a0e7180993de1759fea5443
fc94aa9c-54dc-4d94-b747-ac6fd6dc0f93,42e0376c29ad9510464b7a643a49cfc3b60c2cad
22bee6df-297c-492c-8037-bd083773ddba,48b5041a24cbf3048c97e85c4fd7c0214da942b5
67fa40fb-414f-43dd-9ee1-68da0a477bf0,4a775468c42ae34072913fc3e67cd64b2377ec31
95cf3d1a-79c4-43fb-a077-a4e51b8b96a7,4a79ef5ced9023fcb842ffeda031c927cbeefdb9
0f3f9aa9-3936-4411-be97-2f5a418ab0f3,4baffc7c38c4e781ac6d8d23e352a03b30009622
c546542b-8d81-4395-af32-c3aa3c90a461,4eb78d9230d21c0ec8b590d5408b60b8da015986
bb2a3d2b-90d2-4ed9-8b87-900212baa8d1,591394cfab5879934a59f6c44f03b6c4009042f0
37209507-6c22-465e-bd83-17d83a9626d1,23996d66d95bbd5dd85cf7c53ecae976c924008d
7e380aa1-1e3f-4d9a-8103-7181832e9ef3,5db11e5a77f085968701e15cb8267ad96baf6d5b
3cbbee2a-e051-4773-aa59-0d76ef69a2d6,5ff502627354cd8a993b896a077a46d44a3a8504
6feb4b59-1c83-4496-b960-8770bda81ab3,6f915f50f273c8b561978761f9ea2179e8d25296
2d0dfce0-7e80-4289-a340-56df4fb5d6c3,771ca13f78a6cfda9ed99004a386e9e7e187bd34
55a05b4b-9516-468b-93bd-fe233ca82484,7b95d389bc6affe6a127d53b04bcfd68138f1a1a
17867546-4672-4af2-a42e-097257885ba5,7cfff033720ca01f31363f57afaca85e93adf6b7
a06537de-48e9-4fda-8008-ff12269ef1ed,7f90ef42f22d4f9b86d33b0ad7f16261273c8612
cce08b14-c898-4710-8534-01a2acf6b5d1,8054a2ea6ad690ba50298bee60ef2715d88eb8ab
c202e472-fa99-4035-af9d-5dcd2dfc5773,83b2f3f334036ff792cdf1f8d1dff183813fae1e
4f5c9662-0ef7-4527-8312-e6807d8ad41b,851e7b462e225414aa5dda7f626055e3d98bfe2b
4489074e-0bf8-4d56-bde6-657c04bd9f46,8a99634e0b418ee61c9bd81f61d334b80486dc53
83551e91-de86-481e-91e4-d4d23fa76be2,8d1008a699d8f4084cffb32f2bd540af458edf05
ba47d2e8-e458-42cd-9118-73c75dbe6bd8,92053021a4638e049743231ce4b761ae82b9cbfb
7d1d9b89-4cf3-4da5-8d4a-e00d5d058e8e,92527edf0fa6fab3c8c63a0ade08b0cc51359d0a
87c6729e-740c-4d9f-9224-cdd826bbedd9,97eb205c9782bdc44b283b6bdaf9b9c7317b9a97
4c5bf2e2-4231-49f0-8f0d-5d101bec8e8d,9a12ac1e3b51f30042abdadc5636c88d41bf0ca7
d7764583-6c9c-4ba1-8d6e-31b193e1178f,a011209e0628633b60223311797bc29c3a6902f8
c01d1df8-84d9-410f-a53b-fee7d402e126,a05a4b0746052d4199bd9fdbc49404c32939693b
b70cbcb5-ffb8-4f4f-8474-f74f8cddf6b3,a627d680f12b415fc07328250b4a7c5a9ee90015
82d6da16-def9-4751-9e64-eefd6dbcfd35,a72c8f10a5c0aa428dc22ac53e3cd4b9415ad193
fe5c6070-afb4-4600-9b34-b5b58293dbd7,a86a96b11436845b937d5b715a31a92098096852
3c688b47-4dae-46a4-aa03-74bbd6abf69c,b7b6d83dab32f5495e0781111082a5e693519573
a27cc5ff-ba97-48a0-95c1-2e1af48d9460,c63a04fc0e814b9077a9e539a11bc57fe27e0560
c7955e87-544e-43d1-9e76-45faaba034d9,ca2556bb43143e81519aae0276607abaea36a03c
fcd0a621-753d-420d-beda-8f561035b5f0,d0effe7ff8cba679ecdd56eab4ea5cd026964813
9db38273-a60b-44b4-8f4a-7ce7ad436dc5,d9f4210d4385a43c83fb609b410f89b6533cffcf
eff02b72-81c5-49bf-acdc-b6664bcf3324,d9f430f4fb57236b96b6afe6765791c9cc3aab5e
390688ed-09be-4210-8469-2783a538003b,df64be1e1c486038380199d124fc2b15536adfcc
06cad789-c161-4a19-a1f2-78dac7e303c6,e3b79dfd7a470a8fdc3383f8c755e734af334877
9a23bd3b-8ab7-49aa-9a17-8b1c24cd04d9,e50a316f97c9a405aa000d883a633bd5707f1a34
8272ef62-c49a-471c-be68-f3a1b0b84202,f10a882cfd01a47014bd3ec5961fdbd2726e9e13
21c0e707-2aa5-4cad-a1bf-8eee4e5dcd24,f198043a866e9187925a8d8db9a55e3bfdd47f2c
6fc0c6bc-6ad0-49a7-9c8d-3ade266013f8,f280c160c1c749727b905b56364bb2d764b35629
460aadc9-8673-410b-8598-a7fd1f253dbb,fc71752810ab7151f2f7e338556b69b3f281e043
c29c01d9-37e9-4c20-a24b-8c917707d805,ffd1f30eb2f9ee54315933c0a6ff8bd4f9ec739a
b84571fb-6734-45d5-ad01-ce80d244fc6e,10ff83a39a6b89cdc040e0c27e6500050bece005
0721bd59-a7a5-4885-9925-d072319d2d41,1ed5f7ff2ea4bfae8f93b17546a71631880277d0
99535478-81b0-4fb6-b846-8d5c4169a6d5,273dfbcb68080251f5e9ff38b4413d7bd84b10a1
6f02b0a9-377a-4116-a7f5-dc58562adc35,2bb3b3bdb6d10d4955d353385014683919bf61ce
12aedbc4-4749-4f89-8053-01853603cf84,3937668b4c34d3801ba929b84be115d99bcf749c
9e757a22-5ed5-4eb6-b25e-0da547f2e090,8a5a2ac9c63c7d055ef3f695229eba04ee688c7a
3dbdf9a0-1cb8-4843-9e1c-4487c70d79af,9a12ac1e3b51f30042abdadc5636c88d41bf0ca7
ddcafc2b-66e9-4e81-af36-6a581fef448c,d55c8fbb7f314b5599c69d89f5993999cf5553af
84de6c3b-e365-48cd-af75-31e0a07e410e,ee800bab67e177e4676578f621db59a0faa736cd
1c369847-0c74-4551-8c29-bb448540c4bc,10d6778bc45aebcd58d336b4062b935861d2fe8a
84740347-0284-4ff5-b3e0-b8663055b54e,1504a9d5829033a8cb4cf37b8bb13dfd4baddc7b
80473b46-54cd-4ac3-b4f9-ca4910c0c192,1cf65a8c9e9ac8bd1db487004185ad0e15b9b9dd
80f7d778-287a-476c-b727-2d75d3bd9aff,23996d66d95bbd5dd85cf7c53ecae976c924008d
3eefecec-9072-4ab9-a8bd-3d266434fcee,2d49b2697225b6f63fa23d31487ed609abedf1f7
1f066841-be1d-4ee6-bbd4-2764076a4062,2d7f212d9251afc479d9a67570d5e0a5b4337d04
dcd86293-92b4-42e8-9d2c-dbe6fd0d022c,42e0376c29ad9510464b7a643a49cfc3b60c2cad
d869987a-a9f4-4ec1-83d8-4a512c75a19f,591394cfab5879934a59f6c44f03b6c4009042f0
90b10c38-c180-4da9-8558-2b5e61058e12,771ca13f78a6cfda9ed99004a386e9e7e187bd34
3df76254-1c2a-4c34-905b-7c2ce569a53d,7b95d389bc6affe6a127d53b04bcfd68138f1a1a
049e5fd6-4af3-44a8-a510-e67e81501884,851e7b462e225414aa5dda7f626055e3d98bfe2b
73e2c404-e9ba-4269-8431-958b73841271,8a99634e0b418ee61c9bd81f61d334b80486dc53
725a4425-9a0f-4899-b16f-8a7a9f203608,8d1008a699d8f4084cffb32f2bd540af458edf05
0f042740-46b8-42ae-a0f2-8b93077536de,92053021a4638e049743231ce4b761ae82b9cbfb
21bc52c6-b127-41e1-8b70-ec648ba5036b,b7b6d83dab32f5495e0781111082a5e693519573
6f807066-4b5c-49b8-9462-1c56737d613c,d0effe7ff8cba679ecdd56eab4ea5cd026964813
d21c4346-07ff-4e7f-bc15-fe7cdd1b8e99,d9f4210d4385a43c83fb609b410f89b6533cffcf
63458646-ec0e-4a50-9eed-b4a7fc125a84,df64be1e1c486038380199d124fc2b15536adfcc
88d276af-1df0-4a4e-aff1-768c010bb111,f280c160c1c749727b905b56364bb2d764b35629
e4af237e-477c-40af-828e-3f4d0cdf3198,ff7804a13efc26bf23ce813319641db69ddbb969
8678a849-1026-4dbc-8f5a-2b6131199d56,151f0b3330f3cd315c6fdab65b5463a8870c5606
39c0f1d6-72a2-4bf6-899a-ff959012aba5,1828ee56303a37025da428d3dcd671b4fd489b94
4f20bc8c-5d3e-4547-9ced-a0b9ab7dd3db,2bc5713ffb761591be538efbcb7184fdfd4253fc
c4db1a51-4a07-4066-a760-eeb3bf76279a,2ebb3dd597bbd7028d8c68bcf509e5bb09ea1e78
8884dbbf-796d-4c2d-b995-1b77d52c50af,3002262c3c696d5caf2ae37ee3d978ee66647f22
54caf8ab-a446-4c2e-b5d3-090e15504616,306e31e9909dff206ea0eaf6bb4753fba7235723
96c9f526-488c-4951-b4ae-304e9e2fcf50,34452b3539fd2401a5e07ca75239dac412457515
299a7654-1278-4917-9a95-e3b3d142017f,419a9314d0d46bc713a6fdc49b8adb14475f9773
608d82f9-48a5-4d4d-ac9e-aa586a360fbb,49a06cca078ede9344c95fd1f8d060f0d88ca58b
e8c3b92a-247a-443f-99f6-a561910ba7fb,4bdb4d02c0648a8dba5a4589ad9a75c80c207fff
9b82ef5d-8f8c-4e4e-9ecb-3d68a1d611f8,503ee0e0935bdbcc1ea1b06a87b75582ed7e894a
32c89762-e310-4fd5-95b4-3311692ef633,61d1f2db07536b282199f9d1aae6034cef7b59e6
0d40253b-7cac-4689-af02-f254b57f86af,86c00e9ca0d49c7e01fb15186b8436ad94491e67
f5891a73-398b-4d27-ac1b-43b186474624,8b637821dee1f4df079489bd0ce3fa754d6b17d1
e6aa8a85-55d3-4b0b-bbcb-45f17d1ebda6,8d94832e245906775b428e949ac1f635bfb28ad3
d9bf2a25-e987-465c-96cd-3c4fa7ad87e3,a0d45c8873cb32102c2abdaf96303ea0a1bd3a80
1848b81d-67af-45e3-9625-a0445c51ca9a,ac5b31c37860708672c86b8c957c0f71b3019dab
e61dda0b-eff4-46e5-ac23-ad524675c0b9,b23a5a62b7cb5278ceb5a6cc021c28a92041d792
dd5f7ada-5e05-432d-b5b1-66e4491ea8ed,ca018445412da7e1d89eb8ba23c69b7e2bd2fa01
8bf7c962-bc63-4946-833b-93da4de54f68,e2fb703bd01e2a771fdf77c4a2276e8bc6d2590e
39bc95a3-9d6c-4eb8-b381-a570600b0e65,ed5ab0b05212355cd0637c3c50d13dc613bc1852
6d98b0a8-78d6-47e7-be12-660ed2a5b7d1,f10a882cfd01a47014bd3ec5961fdbd2726e9e13
1e3138d0-5cde-4af0-b337-1ebd1d1effb8,fe04c3bc206cd1be5e9ccf82bdc83ff0d1e6cafb
5351de12-453d-4be7-942b-981fb9aedb66,03589e1917debe6df148cac8963fd008e4140237
ada3794d-0c00-4d0b-8658-75ea9eee9a63,0c236e611a90018e84d9de23d1cff241354079be
2262dc52-302e-457c-98ea-54d82bfefaa7,0d8f907bb0180912d1e1df279739e45dff6853ee
ec091c38-d0b3-49fa-b909-2c551073caed,0e824c4040e730cc11ccceaf3118fe3972dc6bf3
a77a23bf-26ce-4182-b64e-1ee93ac3a406,0eed6c0f40c37975156beaf848462669e1f983f4
1b91f4e6-3e97-4ce9-8482-e452606d0998,1cf65a8c9e9ac8bd1db487004185ad0e15b9b9dd
f7b46508-077f-4303-86a1-f2a3ff3470f0,2276c52c3ba47936e97d6fb3755f363a02157445
a6dff8db-9334-497e-96fe-53f942f6d95f,26092619b8be8f0048172bb52bc07b36129b579e
670b3d9a-772b-4dc0-8a39-d24432c86a79,26324601f7c25430adbbeec931b28cf11b2dbe81
22493cb2-db5d-41ae-8219-bc619a37a0b3,273a19fae490f5fe424fb117cfba8cf230d5ebdc
fdd28832-460a-4099-b8e3-94ae8d570b55,3418cf24575313d9942af12d1a6f572ac0d34579
3eb56efc-85b6-48bd-b534-f39f95d2589e,3c493143e49ef3304e85222c16c1cfde2b058dd9
a6337ad2-a9b0-4334-a85d-df36b056353c,3d9bd77ec8e09f3987debbaa0df19af599586051
990980e2-eebc-456c-aa38-6c9f884ffcb0,498bb0efad6ec15dd09d941fb309aa18d6df9f5f
64f447b4-8279-410d-b675-b7ca871263bd,591394cfab5879934a59f6c44f03b6c4009042f0
0cec96b1-f609-4ad9-b627-68f6f301f49a,643f5ea81105fb685ffb6c834201d6970683d886
0f3ef358-cd71-44cc-99da-35915b923d19,76b2edf8c223a7b2f0a65d86e79b1496723b1158
914fa534-75b7-4e6d-b0cb-a408e775ca34,771ca13f78a6cfda9ed99004a386e9e7e187bd34
f18ce192-0757-4497-86a7-82ac7abe063d,7b95d389bc6affe6a127d53b04bcfd68138f1a1a
16c185e3-4588-41b3-893c-6c3e4a952e44,7dcc27e011874c43463b80257d8ff3d797411844
b6a60d0c-304a-4d74-afcb-87ac27916d31,851e7b462e225414aa5dda7f626055e3d98bfe2b
3726fba2-1198-4162-ba36-71b92a6dcbc3,87fae85bd49e908161437b01af545be0e61eb50d
d83d2666-dcf0-42bc-84a8-ea5279be806e,917d7721f65110c00a1c5cb003a05fa6503ea8d0
19129896-4323-402b-9213-f8821d390165,92053021a4638e049743231ce4b761ae82b9cbfb
8eb8bfb5-087e-4be6-b87b-60ae67b782df,937b3787c6c2282b19c60c851e0315f82b6df312
73b86d6f-8ab1-4603-aa2f-4267499572b1,97eb205c9782bdc44b283b6bdaf9b9c7317b9a97
edd4c55c-c4ef-4213-9389-454a3417d7d8,cd7b38a8391b7693a78a2465557fcb2dc572299c
642d45cc-6ad7-4a3c-8d52-7edb2c1cc548,dc1ce7c65457656e6788e8c44c772c890ef04bf6
aa90e213-f8c9-4a42-ba1f-81b984e7bc75,dd0bbd879fd032c463116fef5c1aaa6f25e00d1f
b9961197-e040-45b7-aade-00a187b544c7,f4ffe4f864565934d1e451a7257b5928fa181421
faa6f1f9-877e-472c-9752-506c0c6639d3,f7fe3f870ef5e1a74600c8808c07732cd2e5142d
3b48abf8-afc3-429e-8143-97be36b11207,f864e0960fd054859337ea77dd7f74f6f7cebee8
f1017c96-de89-4d63-8544-ceeed4bcdf65,01cbff216f2888f96151fb490338af40a09a0c30
48c814cb-7374-4cc5-a47a-51f960e90b2e,058861dd838ddf4a6a36860f54e82e11f8945b32
b2d3b1d4-5ad6-4b28-8afb-9c08a432d92c,118605693bb5c1846915e967fdb8383ecac13c70
b8d57675-108e-4f9f-9d1c-ee9faa9fae9e,12133cfc6688cc2cdea57595b045a28b94d98f1d
785c330a-a8c5-4238-b5a5-d30d328be4a9,1828ee56303a37025da428d3dcd671b4fd489b94
67a8bb8c-276d-49f1-8795-50f5d53e76f3,3b4b6b3b6f13f2de00a213a822e7c005e034adae
8d7ad7c0-dfeb-4029-8f5e-33fd7e2d873c,7262a9ffdb3eab7a56740581a32b64c94b02e626
70f498c8-9a60-40da-b108-ac38b379e749,7c3b564bbdc8e7e3242257189ab7702d3e095115
3da3802a-0469-4ff1-b121-1e80dfc10117,7cfe5c41d06edbe5897ebf76cbfddba5dbb1ddd3
14d45e9d-1869-48d7-bf17-c3447012b469,8294508ba1df87252028e6fcd290dd8f73af49bb
2f6a109d-0695-4f75-ab9c-02d7e83319c7,868dfa5740c0f66c1b246a454df4c478bd46548b
a116785a-9531-4700-b2eb-1d5bfac3a2b9,cf9c4df744d8373ddc19f85447459f9c760d7301
6e4ae784-018a-4142-807c-ebc809908dc5,d80a6a85b0c263d638877fff66ddc12963e3c34f
4c087143-d7a4-4672-bd06-783670684dd3,d9c71db75046473f0e3d3229950d7c84c09afd5e
7082848f-0d73-4c10-9363-6dd0374184b2,dd5641e798d97077ab49818448c64bfa494b29da
de62fa8a-ef50-48cf-86fe-20a8d742817a,e53dbd9f57937931a124aed93d744fe50e031af0
a6caa987-adf8-4876-93c3-2ad8096d3786,e99603b5b524485bcf1afb2f01acadc34dfb033c
8819cc3a-6653-45d9-8138-f3d53fc40f93,03589e1917debe6df148cac8963fd008e4140237
7ecbe7ff-32f5-44a9-a172-227facd40c74,17490506071eca30010c7c0571912a0627710d97
d1c6f45c-2b2d-426c-9b39-a465b2419b58,1cf65a8c9e9ac8bd1db487004185ad0e15b9b9dd
1e0e2c72-cf45-4e7b-83c2-5c1a856ccdbf,2a9b20d3467b5f6b5fa7bb4d4dabc36341e0914b
4bbb4571-fb43-4b99-8de6-0deb82fce1cb,2ce3a4cc3c4f1b512121f4f916bed1e311c9ab27
af651c39-6452-4f82-a0b1-deaac5abe84d,301fab7164598bd80a0e7180993de1759fea5443
56a881dd-caf6-4ea8-8753-73ad162d14e4,591394cfab5879934a59f6c44f03b6c4009042f0
8bc313ca-11b0-448f-a94b-a33cb7f7e19f,771ca13f78a6cfda9ed99004a386e9e7e187bd34
8fd4c1bc-5138-48b9-9cc9-1623c64a6f60,7b95d389bc6affe6a127d53b04bcfd68138f1a1a
843aaf30-32db-4c9e-8cd4-a66574ccbb4b,8a99634e0b418ee61c9bd81f61d334b80486dc53
638940d0-face-4a16-a924-e0a4884f95e4,97eb205c9782bdc44b283b6bdaf9b9c7317b9a97
88891cb2-b3b4-4df9-b321-8a55d535f79a,df64be1e1c486038380199d124fc2b15536adfcc
c31c76b9-8037-4fed-a0c0-aa0cb3d1077c,f280c160c1c749727b905b56364bb2d764b35629
4fa1c354-30fa-4e6a-bd6f-be328b36df76,03589e1917debe6df148cac8963fd008e4140237
3aa68a3b-2ee3-4672-80b5-ec8bfffa8ad6,058861dd838ddf4a6a36860f54e82e11f8945b32
99030d8e-f8be-48cd-aa50-cfd32cdd97ac,067a50c2b4b52e3ad1a45a8891d32c44df5106d9
5e10fc16-b01f-426f-b19a-e1f64ef6674c,10d6778bc45aebcd58d336b4062b935861d2fe8a
aded71cf-db50-4f9d-94fc-93ce77cb1fd4,118139e6b2f52baa06f57e6dd8b33679d7a32f24
3b3b26c2-6697-4a47-9f58-e4babba158b9,2bb3b3bdb6d10d4955d353385014683919bf61ce
ea45ac64-6466-4d5e-a7e8-0f605b35ca24,301fab7164598bd80a0e7180993de1759fea5443
242a4670-ddbf-4765-a91a-e4af37720a02,3d9d3a09520922184ed3aab62172f2614760db34
a674ba27-eac1-4b82-9bf2-4c1f7303dde5,63a5074e53ffca6ca13c3e746691732017e13866
9c63a2f9-15e7-49d1-aae4-f927b7923340,68c03788224000794d5491ab459be0b2a2c38677
8b7d54ec-8487-4e2f-ab81-67ba01b6fbcf,771ca13f78a6cfda9ed99004a386e9e7e187bd34
6caaa77e-71a7-44e3-aa0f-d4635ceec7d8,7a65f23d990231d461418067c808b09d84c19b2c
6b2e6d08-11a7-4609-ac39-c659665f786a,7b95d389bc6affe6a127d53b04bcfd68138f1a1a
3106a00a-99c4-4c12-95da-dbe9efb17e2c,7cfff033720ca01f31363f57afaca85e93adf6b7
38f8b9d9-c40c-4791-92c9-cc5b5e605c47,8a99634e0b418ee61c9bd81f61d334b80486dc53
623f9857-7b35-4831-be61-dde8e9069d36,92053021a4638e049743231ce4b761ae82b9cbfb
7cd0fdba-2f6b-44e1-8ae2-8779091a9d3a,9a12ac1e3b51f30042abdadc5636c88d41bf0ca7
97c6012c-19dd-4927-8328-e2ead549305f,a10ba8b60785823181577dc91a77b7ce077e5482
e13f7e2e-cce0-493e-a29a-2376fb26ca37,ba24777b3fbaed39c67b87c67980100ee3607e2e
fe83dae9-ba35-4b12-95f8-5b999a01512b,c87fb75401a33272b228178c523a3622f3fd4ac6
2c8ca3f6-7327-4cc8-a850-1554593dc0c6,eb42a490cf4f186d3383c92963817d100afd81e2
2f7af46a-300a-4e9c-bcee-6f2b21a94835,f1962baa356e10c4fd936b9e9f910869a5864a75
f1fd9d7e-f7e1-45bf-81a5-b35499740de9,f198043a866e9187925a8d8db9a55e3bfdd47f2c
67426bbd-4544-4e6c-9753-7574ac324e4d,f280c160c1c749727b905b56364bb2d764b35629
9bf98adf-2ca4-4696-8901-ca75cbbeb91b,f7fe3f870ef5e1a74600c8808c07732cd2e5142d
0b8ffba1-1336-48d0-af18-df857d994f0f,0b6044cb3ed27185ce0f375d4d80cf0e525bed17
29e47ccd-b6a1-4b22-b542-beb71cc55220,2a6a07f384e203e7f6412472838ac8b53e8a3287
bcad2df7-e6af-4959-a99f-1a68ac5af518,3c493143e49ef3304e85222c16c1cfde2b058dd9
39dbe180-27cc-440f-a13a-c7d6e5ddba63,4a48e0d97d9f61a92841151b7cd3d4923edd6a8e
d74846f6-fe98-4876-8f71-a56675d9c55c,4ef0d0c5cc556ec6be90748a64febe05c50b4a9d
cb2bd8d0-ceac-4404-ad00-e0cc2ac26b52,54d47db19bb99177eed093d0dce2ab06bb8a26b9
0a718fb5-b220-4a2f-bfca-1bb137a809ba,5caf50c2e87e4d7b7f989b3c8dd2de77f48861ef
ac153f26-9398-423d-82f4-f08c8af304e6,5f33eb38d9ddcaff826562c6fff4d38f66219d2e
a2b7dcf0-7308-4233-912c-fd2edd7f6846,5ff135450ae462855df27f44ad76872de5f1d1ea
c44628b0-d5dc-442d-8f12-4c58ebf49235,608d879f4b4bcfca6f1015c8056e127b9d482df1
ba503a47-7f92-4643-bf00-a62bbc49fe74,68c1bfe375dde46777fe1ac8f3636fb651e3f0f8
1bcff1b3-f805-4b6a-93ed-3195b8f3f27c,6f915f50f273c8b561978761f9ea2179e8d25296
6ad26d26-183c-4f2b-ae25-67c56a70d25e,6fd398dcb4c0a20de0d10c7a30b36fa8e1b24ead
1d450ee5-c5ee-458a-889d-1deddd226b83,7c281c486efa01073ac81839c8bf8b8bff01136d
de78072d-a340-47ff-82fe-22ea60b31d0e,7cb63b055d43aadfa0912e69106d96f6016e962d
aa9c310c-da16-4e3c-9167-44c52284945d,807c1f19047f96083e13614f7ce20f2ac98c239a
49f92299-8a09-4c9c-91bd-6817fc61c406,814cf172298d11db0ac9b839440ed8f3db93e438
07d316c4-5796-4a15-b73d-ec5c29c506f4,81dc8ca76afa41d2c49865068c46114178bdf558
7610bd32-d547-40b6-a877-ea17414bc0e1,86c00e9ca0d49c7e01fb15186b8436ad94491e67
d15c7a85-eb00-4f13-9898-62d735ddc8f1,8b3f43206bd3b8bb6c8e8ec32c64887de71bdced
31d7acc5-731d-436f-9248-bdc4a8822948,937b3787c6c2282b19c60c851e0315f82b6df312
dbb34aa2-de1a-4f22-a904-703247fb96fb,97eb205c9782bdc44b283b6bdaf9b9c7317b9a97
1fbcd369-f148-4a4a-8d92-b20c552e3130,9e307772ef7b6257f4869a10508bfa9495d490c7
6916bf8b-d78b-4191-8223-bb51ce46fc0b,a6dcc17c6f3dbc2d203ade9ff671a895a9dead7c
35aee0dd-dcb3-499d-a558-be57fee0e7ae,c3dd10311ea5c3cb0a200073853c48c462c0b602
33bd3457-f937-420a-b44a-5241b729bd54,c4c4f0d161d78fe6229b3b65247c0947424bae2e
c822c701-8fa6-4c03-af5a-7b1d562c01b7,c861655734b54a0d6363614b093c849bc13c9bc0
9586f744-bc93-414d-ac15-71edd0615c48,cdf92f0295cbe97c241fb12f239e4268b784bd34
dd10a78f-1ce4-4e5a-88bd-b31a4901a89f,ce6a3bb74ec1e25947c097d38213973816c9d7ae
beba238b-c7d5-4ad9-9c82-da7325aa1aea,d1ee87290fa827f1217b8fa2bccb3485da1a300e
c4f4e95f-327b-470c-a985-356b326e1348,d2d7049b752b4666120a370ebb968351a4040e58
6b226dae-bc62-4717-ac15-15d3f3186d45,d80a6a85b0c263d638877fff66ddc12963e3c34f
920f6bb9-8e6a-4fad-8c9a-8ce8d7f195b9,dab48886932ffb7a3e2c3f2803005bb34345cdee
d116a663-a393-4349-a2ae-eff1b45ee84c,dda282152a49904ed57b5b83a740b009540e0aab
d6316b23-35d9-4ddf-ace7-4730e24e7322,e116ac83e14bec81ffdb57fabf1ba6bcbf1722df
87750ef1-c077-4df1-bb5a-4c5b59abbc42,e37aadbaaa060389612439b4284d94bdfc07d338
47a43d93-e7a0-4e82-9cba-d78fbc34df4e,e3f1bcd14c1b9108918c998503c44b84bb25a714
23b027fe-a6ac-48a7-85a7-c173a23dae89,ebf313a1dfa16d62e2b6cb804102151d33e6a7f8
befa5398-89b2-4948-a6b2-9b4e8dedd579,ef48d836357199b1a9dc530a783c494303cb3483
cb66882e-c035-4e29-96f3-7104a97de92e,f10a882cfd01a47014bd3ec5961fdbd2726e9e13
9a33b660-4a3c-4adf-b9ca-8fcbb2fc5850,f1df590365a5e12878d5ebdd0da8783a79fe51c7
cf3e8824-bad8-482f-ad16-5b9c15efd325,f430cb8b6ef4804fdc4c630a211f000278a0cc26
879a53da-df8f-4fa9-9653-9a308fc8b9ee,f492477752b88be89ab897907b18e68c881e6498
a74b8e57-d5f1-42e2-800d-023ad4ac329f,13776b253e8fc6259633c71e91e07e4ba751310b
76f9f8de-52e4-4221-8f65-fb4d4f5041a6,13f284a9d392560c0268cbcbe93fbbf54db04a2a
188c0e23-34b1-4dc0-ac4b-0aaddef8f34d,192ea916a5154fd6db5649b344efbb2e230ae073
4e0bbd6b-d5fe-4da2-820b-0a00a135aefa,4e673d5416b48026fa537231ab90ef579e7a6129
28628876-1cd2-46d3-825c-1219f4c04d33,65146925205d9ed3139bda27b4a6717667be854e
224ec7a7-ba21-44d4-a4e2-850e27a22952,710cab6ad5d72cb3428d1a30dc5f4977795ecc30
14b47ff7-938d-4bdd-b5f3-514e0b40a96f,887a57e036bf37f17fa12438417f1e31063d1ccb
85435f4f-f04c-4d92-bfc6-4ee36782ddc0,8b0d6d2e43a2c6b9e463845b5ebdab4a62236d66
c9033912-a80f-4c88-b249-b2ddb4f7475d,8da0344274088f68d7fecb0e39b42eea68307649
38312e33-8d1b-4975-b745-a5ae568f630f,926eebb1be75eb531f59d626cc73b07bc6d7abbf
5f5a082f-6cfa-4af9-bdad-438fc2b1e3d3,99c219a10d747bb9a3f172ca531f17759cae569a
d479dbdf-d41d-4e10-9d86-2f840365c897,9c3a83637ebd2fb2084c8f4a4eb5e4fa50394020
31e45d41-74f2-4c36-a4c6-69c006492279,a651bb7cc7fc68ece0cc66ab921486d163373385
03a8f750-55f6-4cac-ab33-e41720b91d84,ab37ccce6162207fe14b0dcf1161dfaa2e055ab1
6103c888-9496-4593-ae30-e39a3c2bd0ed,c7fd9037b571862246e366189f1fc1c58fe0dd9c
7ec2d542-c13f-4f27-987d-38ed539f898c,e50a316f97c9a405aa000d883a633bd5707f1a34
7a4904e2-5b2f-4316-bdd5-7881a347e4c0,02562212f34fbca667aa497704df45bbed0721ed
9219304b-8144-495e-8efa-1ca72c597381,092e10c18e45bfb35e040aaf38dcb26a10f85a22
6369610e-05f1-4358-9a66-89b436ff4224,13fd7374e38418658a74e54ae04dfacf51a5a9be
c00c01d3-8f14-4895-ac71-8de42b1751f2,1f5d7109a1f74149c3a2e7b05b2b35e3f1fe385a
c79c1b0f-5b3b-4eca-8f2f-1891520bb92a,24480fb437cd0047a3b832d5acaf5a640405427f
079727a4-d824-46f3-a569-f0976545e577,26324601f7c25430adbbeec931b28cf11b2dbe81
8e58794c-b650-4d0d-87d3-426fd2a8f83d,2d7f212d9251afc479d9a67570d5e0a5b4337d04
7ad9aef0-668a-4500-b994-c1b275aefa2a,46474fd5cd8e6521fb9007f30d09c24619f5d057
f62305a0-bef6-4d35-839e-6328410401cf,4d2864af8e3e92f43001726c132b2d0a8281c9fd
a7d80574-beb8-47f7-b33a-bd0763386b5c,5417064602dc2b3ffb122761cf9c90923f469b2b
9dac2af5-e3d0-4f7f-90c9-4e28d57ad7ae,591394cfab5879934a59f6c44f03b6c4009042f0
20a24d01-f9a1-49b6-bfc9-04a8d9ff9355,60314765ed455ac59aa72e410ae4c2a3425f580e
14f784c6-5270-4865-8917-36e19403f093,65377d4117471df291a1bbc9208b3196754e892e
410d060e-a8b0-405d-831c-2d1edc3c563c,89a4d2b653739b4174bd34fd33f6089f2e015b34
bee961ba-9f10-49f4-8060-75c8e22bba8d,8b1756f5656506616c93052d3bfeb199c24eaeb4
f3ad0ef7-6e8d-48c5-8f46-7b9b1bbf1048,8b24f2d773110fcbf4e271821aa0a0fc9c6260bd
50fd57c7-ce3f-4291-aa82-fdfe94dc1fdd,8bd17d6a38ab612fe3a77613d1cd075034fc56a0
416cadcf-d479-4136-aa3c-831a0ae4fde3,97eb205c9782bdc44b283b6bdaf9b9c7317b9a97
a97599b9-1bde-43a9-a69b-4d5029ec3c5d,989a0bc57948fe97d78a83ac5f1aa06c2298dc31
d8fdac04-29e1-4934-82b3-3035fcf2a80f,a651bb7cc7fc68ece0cc66ab921486d163373385
e3476442-7bed-4ef5-b32f-aa3c018f4946,c9b6cc6d15886b5a676151427500836199198d74
a4384396-0bc1-4eeb-914c-7708d2b16c2d,ccbdf094c7de29ca71d467e87cbd5407d000554f
d4f5dcf7-f8b0-4f5a-989c-5d07d18fe39e,cdca678a836997a9b281e0783938c2f3efc581b2
e30a2e3a-de3c-4105-b0fc-782fb112bb4c,cf780b9f8f9875ec905fd3854c361f61299d7b35
0bbc3480-1938-4192-9ae9-9b9ec796ac7e,d1ee87290fa827f1217b8fa2bccb3485da1a300e
b5c0ff27-843a-4a07-88e0-66afd8f62a4c,d9de39cf27a5b6449b811e872a083f289572dbc8
43655592-c811-4e89-a883-884ae22bca8f,f7c5ac454eb96d3771a521764a93b19116949971
4d31b3ea-6a84-4b66-b3a2-c2b26029d3f0,fce7931389d4714e878cd537046db1c6cbacc149
9f0d3e99-62dc-4091-a03a-2b5066f02279,058861dd838ddf4a6a36860f54e82e11f8945b32
c42a13fb-57e2-469d-bf7f-799a2ab57695,10d6778bc45aebcd58d336b4062b935861d2fe8a
8c1ad211-09a0-415c-be06-4cb348404d59,2aeb08c93d6db8f305c015e593f753e2115a8750
566cc913-6a5d-4805-baf2-e8603da04461,2d7f212d9251afc479d9a67570d5e0a5b4337d04
74e682c6-32ef-4eac-b641-1ec40d9b637d,5330c869c67e39b7d2d61e555f69807a49064de4
31fbaa62-eb02-4377-976f-583523d6f85e,6f915f50f273c8b561978761f9ea2179e8d25296
176e56ab-a3f7-4d26-b771-4c31f5aab467,771ca13f78a6cfda9ed99004a386e9e7e187bd34
201b84f0-203b-44b7-9756-af3fa73d8602,b261599e96298af451242859bdc5b916020b89af
cb7b00b0-f9b0-42bd-950d-585916898461,b4d5633b96ea5e0f9e90e03df58e8ad0f6f3dee7
54ebe262-76bc-4c26-8b9e-9d3e540de5b5,c63bb976dc0d3a897f3b0920170a4c573ef904c6
90f1cd5a-3149-4419-9b3a-acaffad5ca32,058861dd838ddf4a6a36860f54e82e11f8945b32
09b4f702-9ba4-4d12-a049-11ead4b98ec4,084c55d6432265785e3ff86a2e900a49d501c00a
3ae3b5d8-2c07-4ea0-b197-6539fc04be38,1cf65a8c9e9ac8bd1db487004185ad0e15b9b9dd
121922c1-aa15-405b-b966-ee3dffd01aae,23996d66d95bbd5dd85cf7c53ecae976c924008d
27ff8930-42c8-4e31-9f7d-ab7b0a22314c,29f5da58639c526f6b76d6d189d440ebeabe914f
38835131-2fe2-4650-b8da-0140a116ffb7,48b5041a24cbf3048c97e85c4fd7c0214da942b5
3f97334b-85ee-459e-8467-6f932df05e84,4bd970a37c59c97804ff93cbb2c108e081de3a37
a755bcc1-a979-45f2-8aa8-dfeb53f7d711,591394cfab5879934a59f6c44f03b6c4009042f0
b6eab79b-a1e9-45e6-9a28-90a8e63e3a51,646d4888871aca2a25111eb2520e4c47e253b014
797f4145-8f10-412b-ac79-ca943af2db9d,6878cdc5b632e018f827a9d1520e7353d8502d25
3ae90fb4-7bb7-400a-8eef-10f344f14829,6f915f50f273c8b561978761f9ea2179e8d25296
cf2e768f-35f5-4740-aae1-16e1ec9b0e49,748c10401065af70b94ddde9b362c214acdc46ab
839464e8-0a83-4712-8ae8-92cd5fbe9eea,771ca13f78a6cfda9ed99004a386e9e7e187bd34
226a8207-6b53-4d72-92d2-7764e9f6b517,7b95d389bc6affe6a127d53b04bcfd68138f1a1a
c8064805-311e-4e9d-9ef5-65b5416ffcfc,8a99634e0b418ee61c9bd81f61d334b80486dc53
1b034876-a8ff-4759-81db-ae704bf14d08,a05a4b0746052d4199bd9fdbc49404c32939693b
345525b8-beef-40d9-9222-b9dfa6dd5523,e1ca9b6a4171642c69262fe88695a5c7a1672b99
25f342fa-1461-4e21-97ab-2b473000d70d,eb82d3035849cd23578096462ba419b53198a556
0ce67327-759c-48df-a969-665cd1a7adf4,f198043a866e9187925a8d8db9a55e3bfdd47f2c
9eb9de0e-16db-464c-83b4-0463e184c7fd,f22d042312f5f38eddaca08d49ef805c0d8f1cdc
a56a2993-2036-4272-8791-ec61659ff501,f280c160c1c749727b905b56364bb2d764b35629
7739420d-df7f-400f-896e-5e522339d921,f7fe3f870ef5e1a74600c8808c07732cd2e5142d
d1bff53f-0459-4ec1-b305-f1df3f1941fb,05a0ee066fac4aebd37d7dd7f0cbce6d05951693
775cbe0c-dc45-45c4-ad54-ee3358e166ee,2d7f212d9251afc479d9a67570d5e0a5b4337d04
cadf4251-7cd5-4597-857c-c30fdf913f8e,3092c86e0084825b7315b70994b9872f8a8d87d6
67d998c8-89b2-4d80-81dc-2ed25034e3c0,350401d1700be7c7d916594acb757a73a0fe8364
85bbfbba-f047-463a-afb2-fc433290d9ce,394cbb284be07679766ce08fe6248d4aba040824
414165fd-7e48-4fea-a314-11a01deb8c51,49af3e80343eb80c61e727ae0c27541628c7c5e2
c1914d34-efcc-44af-819f-5cadfca9cdae,62d99eee94ae3fded40e835eef767756ebe97788
3930806c-6960-4985-9af2-d8c705adc831,6f6ab675fd324522cb0a5d4200687e38b9ef8f20
f648bcbc-7e2c-45d0-975d-efc170ea7ac8,7c281c486efa01073ac81839c8bf8b8bff01136d
1f44ba34-b55e-4a78-af56-559323123069,82a3d0c52dda8a7f9f00e5b30c2f9d6ce3da6030
fef74179-3d41-40f6-be89-8ad1050b9531,8d1008a699d8f4084cffb32f2bd540af458edf05
7cf534fa-bba1-4bd3-854b-f2acc11798d6,a0890fa9c61091589641e8fb8ff3345c55ee150f
a27c9a12-7d7d-4497-a329-af7312f284f8,b5719d62d92b20c18e457c0ce3e585fa29521237
fb99004e-fd11-4f69-bc56-d9a042602b86,b7dbef19c363280149cab0f1edb1c04320a445f2
c9f5b76b-d18e-4fc7-b9d8-075bb5149705,be6756f930b42345e84a79d365db498a825bb4dd
8c820e76-0c07-4fc5-999c-ff00f476463b,bef7fe96a7cc9d752875923a50295807e29a1a7f
98b6993c-eb9f-4626-b6d1-e540efe4fdb8,d1ee87290fa827f1217b8fa2bccb3485da1a300e
06503d67-f88c-430f-98f0-72c88c43fe3e,e173493ed0de4c58eb5ead8476bca0ab447f127e
dc2ef347-54ed-4828-8bc4-1d55e19a15ec,ecfcbf473a22f9a25e3eeb44db5a834950168560
91de5375-38b2-4727-914b-5c0221c8aace,036c70cd07e4a2024eb71b2b1e0c1bc872cff107
bbda11ca-77e4-458a-bc79-6ccbdc5d267a,174985f2dfc72f56a88373316a8c18895a2f749a
5cfdc10e-a648-4189-aab7-63869d5bb51c,1bc8c2ab38336257ec8f4ac227d69f185d245139
76cfe270-bd31-442b-8adf-4af1923f68d6,25075e27b0df6f2be5a8c519171bdabd1c3ed817
487da70d-86bf-4c66-8008-9ff9f80b1703,2a2789e6d86d830d23a70ca8b139959bec916ab6
2bc4db83-cd3b-401c-bc12-6f7f43b23634,3b59a9cbe019062c5afb2f7b0dfe19828f593853
c412da85-b6e0-4931-ab36-dc39851dcc96,44fca068eecce2203d111213e3691647914a3945
5eef55d8-9715-485d-b740-ec4354a3f083,500cfc844d73e582f14a7c9ea07d789a8c5678d1
16af57ca-2e5f-4fd4-808d-d6eb0a90f14c,5752b8dcec5856b7ad6289bbe1177acce535fba4
9917266e-8fdc-44ec-b86f-48366978c06e,64e21cb48991fc06169692343241cea4c21d0151
834daa62-bd7b-4c69-8a6e-510c337609e0,6fcf3f1c5132e973655d4ab953d2687b225afa89
b3531122-63a3-4314-bc4d-12d4f499e1ec,71e5a6c95ff476c303c3adeae0c1a4387485f733
75c4fddd-bdd9-4089-b8e9-b4b4614f2515,82263442399ec1aa16b2fe1fb4eabdf586b4900b
d08334be-f0dc-4bbf-a7e5-ad1733a0c1ca,8933610562d420b5250b4fbc75a0c9349c8850b0
8dc03714-b3d3-4f64-90dc-87b017bae0c1,8da0344274088f68d7fecb0e39b42eea68307649
0c0e782c-d192-4f8e-a6fd-4e886bb8a54f,902f0fcd1ebd1b7ee3b03a34fcdbb7ea1b428724
248f234a-dae8-49ec-9672-8cd4bea7cf9c,944eb4fc8737f5dbe72f4a73f9db58418eec2758
9154bdd9-3632-4cb5-b587-e5e124ec5d6d,9c93dd3ea94a3e81e6240a51968ad6f1d40380f3
ad25ff03-e710-424c-86bb-699fbcbd71e1,bfb712fc58bd3e6b851a51a7669ffd0016646cab
785e41d9-2e2b-4a14-945c-f74e35f71541,c3d30a92d81e4dc0eaada8866b89a69fbd597174
abcb27a5-a7bf-4928-903d-c8f9dd079395,d8554b2ceb4a171667abb8acf6e262b621b51a1e
b15d833e-c477-4715-994f-3e1fe60cfe89,e01eae8dea6fbaa1ae7fc83535053932268df430
c23892fd-e597-4056-aa95-050dded60618,e3a329484b160634c3b6d0bbac9b88b4c249b309
749cf6c1-6090-4b94-b422-27ba419ddae8,1504a9d5829033a8cb4cf37b8bb13dfd4baddc7b
aefa3a2d-f404-4e83-bdc4-5902783ee398,1cf65a8c9e9ac8bd1db487004185ad0e15b9b9dd
8e7736ba-62d7-4bf9-80bc-dd3d6d3d7644,1ebb9b20a7477a0498449968f04fffee7d8165f7
aabf2a81-83e7-46d7-b708-6b98c5fd1071,23996d66d95bbd5dd85cf7c53ecae976c924008d
fe5f8441-3789-4c49-9d84-7b5e1d6bc3f8,26324601f7c25430adbbeec931b28cf11b2dbe81
84cea0bf-be7d-4438-bb21-de28eb3c855d,2b473176be67cef1daa0379fa1616d5b7f248557
99a4a355-b5f1-448a-a15f-e13ca6a80d7a,2d7f212d9251afc479d9a67570d5e0a5b4337d04
74d2ffbb-706b-4c12-8a51-eda45f8c925a,4a48e0d97d9f61a92841151b7cd3d4923edd6a8e
a119f61b-3037-4e92-9743-c11f97822ec0,591394cfab5879934a59f6c44f03b6c4009042f0
f7b22a97-fcb8-43cf-8f15-3bc145848558,608d879f4b4bcfca6f1015c8056e127b9d482df1
39a22f83-3a4f-40bc-b7c4-9aa07199d933,6dab289a12ade34f4abedd209ad36d57131bb7a9
2ce65e16-dfa5-4cea-bfd4-0ec2238c7188,771ca13f78a6cfda9ed99004a386e9e7e187bd34
0796ab8b-c57f-4a16-ad07-e7b1e59f37a9,7b95d389bc6affe6a127d53b04bcfd68138f1a1a
6405e7f1-c56c-40fa-8dad-5e963ebd475e,7ce1355a4e7ca5669057891bc2ee006b8f628b3f
0b3972c0-87cd-4485-bf50-b0d70e97b4ff,7cfe5c41d06edbe5897ebf76cbfddba5dbb1ddd3
85b5fbcc-fcb8-47ff-8185-763a3daece3e,8054a2ea6ad690ba50298bee60ef2715d88eb8ab
27a3d18a-1b42-4d81-a3a8-e0c602014b16,87c148f7e501b115f2624dff9872a9214726561a
23572b45-254b-4623-9c2d-91418bfa4efb,8d1008a699d8f4084cffb32f2bd540af458edf05
3169f6b8-4ace-41df-bcd6-ed5e79acdfc2,92053021a4638e049743231ce4b761ae82b9cbfb
c98cb30a-8745-40f0-b955-7f5d384fd4b9,92527edf0fa6fab3c8c63a0ade08b0cc51359d0a
c4b0029b-3793-4e1e-ac89-fa61d5f7e143,9a12ac1e3b51f30042abdadc5636c88d41bf0ca7
e05655fc-b3d0-440d-b221-a8809225f6a5,ce6a3bb74ec1e25947c097d38213973816c9d7ae
b5a1e8c8-4dd0-442e-b4b2-e16a7f8dfe42,e3f1bcd14c1b9108918c998503c44b84bb25a714
7ce84fb4-c07e-450e-81f7-e7a157b5985b,eb82d3035849cd23578096462ba419b53198a556
700780b8-1b0c-4e70-acc1-db4d384fa710,f10a882cfd01a47014bd3ec5961fdbd2726e9e13
21c88fe1-85de-4840-a7d7-60e979f387fd,f8596c061df4bd67f81def52bbd5b9ede6eb9693
49cbb78b-8702-40e3-93c4-90f2598d09b0,591394cfab5879934a59f6c44f03b6c4009042f0
ef03ed24-4d00-4086-9669-c8a87611dd03,87b73c42d6be5f91bc20427334ab9bf7f76003e9
9927fd4b-4dfb-4f24-8e40-418638f080a8,91e64b2c2086f10b67fb07c54c602e287617eac3
8d790aad-93b9-4e71-93f6-dc71ef1be319,97c0af623d9eac54abb076da8c2282e9c8b0bbb0
56e1f7f2-ecd6-4f0d-b545-549f388a4468,97eb205c9782bdc44b283b6bdaf9b9c7317b9a97
8521b448-f9e6-440c-a474-65b7ade7cafa,acb2320299fa097a504f3c629a2265f157d88468
af84fbd1-4f7f-4dcf-989d-eb6cf5ae1fc0,01a660ec8aa995a88a00bfb41cb86c022047a9db
c6cc0ed0-e833-4b7a-981e-464daf2712ee,025464b73f805e76689a7a20a48a9e9c0f4ff3ef
e9670c65-59b7-4f2e-bb56-8833275d5b35,02562212f34fbca667aa497704df45bbed0721ed
a8ae3c08-42c4-45c5-bdef-a90c782f438f,03589e1917debe6df148cac8963fd008e4140237
425b4c7a-f206-439a-9e9b-b81d5f5986cb,0a39b7514be304df314a9a8e7958e3ccd5256e8a
cf22c83f-d3cc-4fd0-a687-be56849b7f64,0b44fcbeea9415d400c5f5789d6b892b6f98daff
1e69032f-af0e-44f4-ac20-dd16c8fd2bac,1ebb9b20a7477a0498449968f04fffee7d8165f7
b67e225b-7126-4e07-aa2d-4ec73c05217f,2276c52c3ba47936e97d6fb3755f363a02157445
6e302972-22df-4375-9a7d-a54290839134,2592e6a4906637a34ae909ec8a52f0eeb29ee0a8
e58663ae-4ea3-4531-af4c-94d3bf182c54,26324601f7c25430adbbeec931b28cf11b2dbe81
8492f7c8-2162-4b94-9390-4f8e8dae1349,2ce3a4cc3c4f1b512121f4f916bed1e311c9ab27
fb85a367-c969-4556-b289-3fd84dc8cd52,301fab7164598bd80a0e7180993de1759fea5443
6b7e9e29-0c91-4011-88df-fc24e6cfaf16,3200c4fb541b412dde33e003f70c4bbc80fd8b8f
555e501f-2ad4-4392-aca2-954dbfa40167,4e4812c79144c2bedbcc1f5f6a04c12f683c10a5
41f8a463-7a2b-4510-b971-d907d84a2315,4f410ab5c8b12b34b38421241366ee456bbebab9
92987ec5-e4c3-4147-8aea-35610d8b66e8,55d3281f6b34c50df975b7261044689bf73ec610
8eb5225a-4cf4-4fb0-813f-00deb8b19ee4,58642dc60e5e8d5762f903483ad459c82285837e
443859f8-e4f2-48ae-8c66-77ed875a92bf,591394cfab5879934a59f6c44f03b6c4009042f0
23bcbf5f-2a5b-41a2-b8b7-61ca4ad9ba73,60314765ed455ac59aa72e410ae4c2a3425f580e
965977d7-4e28-4145-b43f-07a06ef66928,6865370679c3c11f5bffee5370e697d65dfa9579
bc01a251-386e-4825-ab1c-a07fa8aa141f,701db31a4914bb3cbdbeb443a289fe07f535ea7a
7bf7888e-0ebc-4acc-865b-3e6f8554d188,771ca13f78a6cfda9ed99004a386e9e7e187bd34
d01536b6-132f-49c1-bd2a-38ed92ff86c6,7b95d389bc6affe6a127d53b04bcfd68138f1a1a
56eb75cf-4a4c-4918-b7ee-70a12f5c7595,7d9cc63dfbd34acf271e3a2c922ea1c07fb2f482
1732d04e-c430-4aa4-a851-d3387436d87f,806c2c4327a31fded64a5d673ab82b133194c234
2bbdf27b-a9d5-45ee-94e0-8fb2f2308540,87e3da58a8ab99bca0b4b21daab083ccbf0d31f5
4d31615f-8d69-4a93-8072-82ea5685dc91,897d54e6c41aea291f8ed32da66252c9724a28e1
ee8c5787-5d96-4274-8e03-8566df619701,8ec8de646e03bb736cc56b53a77822cb7d3e49de
7746faf8-69de-486f-8c0e-e3f55f138f91,918350802be6d85483f990f1c77ad1f593588f91
3797cb2b-4ab0-40e2-b617-a2358bbd0f25,92053021a4638e049743231ce4b761ae82b9cbfb
ecdaed9f-742b-4879-a3bf-7a36bd4d5216,93c9010110d399d63c1dacb8dcf4aa75294230f5
d1e0a317-4386-4fc9-a017-8ae053c2506f,a05a4b0746052d4199bd9fdbc49404c32939693b
45123ff6-ef71-405d-aad9-35466cdb7d23,a290f9b683b52988ecdd20ddbf37acbc6c3b4040
12837d2c-85c7-47b9-9756-918dfe34c545,a600850ac0120cb09a0b7de7da80bb6a7a76de06
2c09e8a3-ba6d-4bc5-b989-a1e88a8d82b1,a6dcc17c6f3dbc2d203ade9ff671a895a9dead7c
c1e28daf-6c2f-4593-aa92-9e716f91f5a3,a850b5e904572f6d20440c37deeb34b785c60308
85df2311-4127-4508-8645-9ebe913dabb1,bc07b9f1f06d7d71030f2fa95e6fca9cc2d10281
ed01e18e-5e23-4d88-a0dd-be060b054764,bd113c0d43280ab533c7cf8ad64a5785c215438c
47fa0757-587c-44c6-86a3-a2a435d88a2a,c1be34f1f7dd5a241ab6a1423770a3179944732b
e199614a-be5e-4f0f-82a7-543d8ec39d99,c93e259a77b7b68a8f9a71dd634ece7ecd60ce5a
12db3db3-26fb-428f-ac4c-5fb85b766093,c977e3c8a53143f2158234ec68eee29e409ffdeb
7c8dd796-586a-4ea6-8b9f-c7901d4dcb4f,c9b6cc6d15886b5a676151427500836199198d74
3a5e23ea-4969-4e24-8980-0868f5e69b6d,cea549a90221b2bc3dab0297d1453d0bd8c9d353
1de45b22-6c37-4d27-b6e2-cb47f18610b0,d5469f012d79b9ec3b36685d4f25d6b59d2414bb
49fcce66-df8d-4841-85c0-507c0c94486b,d7ee7c95070ff98f00e7773f3236291f16b15b0f
b895e1ac-90bf-427e-ac2e-40e0886fcefc,de7b60c226c8a389db47eb788f43d1eed680a69f
f74025fa-16a0-497f-b2db-a5f1a1faa955,e50a316f97c9a405aa000d883a633bd5707f1a34
d38d9b37-7d56-46a8-9a8a-4faef056ce8d,e979925b15861153a0e9ce8ace39a28d319e613d
e7afd152-6971-4c49-90a8-2f254c933a90,eb42a490cf4f186d3383c92963817d100afd81e2
da49adef-646f-4834-a42a-4e778772d3f5,ebc37575aa4e4afeb1dc94a18022cc0ebeb2fe09
8c6fd93d-ce4a-4bd0-a7d0-5794db120944,efc273dec9d03d969e57fa9dd8023edf05e6094a
7fb834ed-e109-495e-9aaf-0539baebc486,ff30cca624b6a64d561310f564873a63fb413ef1
ece613fa-f1b4-4251-9959-625c729e78a8,02adea3455cd7b09e1dac9ddf2637a1e7ae84005
5a003ee0-249f-4214-a221-373e41082bbe,1dc53b91327cab503acc0ca5afb9155882b717a5
7aa3e981-276c-441a-9c41-3ff5029b8c54,807c1f19047f96083e13614f7ce20f2ac98c239a
940b3dd0-98f7-4865-9f71-eb2f60489fe8,aab43c9c33af00b718cf2ae374b861d49862a563
38b8af4c-1b81-4d66-830b-d091c9e9f423,0565c3e3374a8edf372f0fa25386b8325a47b037
730f4662-1967-4c5c-b95f-fb31638611ca,0e6f0bf80df91f7a613b425dd8c0b73f85b44f3b
e51408e7-d606-4d85-9176-a718781d603a,1d0d54f2ec2c97270704f7865de15cec51728b9d
3aaa8050-71c5-435d-87cd-6d4e9bd34e4b,25308818aa94ffb3a9809540b530f6e8c7bfb83c
93009393-3310-4a8c-b01b-1c2e228cb555,28f86330152d875d5030b9049a0dd706c1051843
b486dc5a-0141-4b4a-9f94-3ec05b7ee98c,2ef82a2621f237dcdca546658a6a4ea1c69a5a41
bfe097ff-a00c-4950-a9b7-0337c63343cb,40df4771b203dc7b7f1b959745b88a44adefbfcc
2743bfaf-4fa6-4faf-b0ed-cab0d91bcf2a,43028eb8c27f4f9b8894b5121b7a8266804391a8
274d4bf0-8ab6-4c1b-9b4c-8795040140f3,51321a60f5ec2c80253394ef86e8b5fcc768f52a
68f5595a-399a-4a0c-b4b9-b9eb25a70d3e,5164fb49d070fb6bf98c02245d25b29e841b8cba
47c85157-f4d2-4b15-8c24-bb46edc2fc73,592462425a4d23547dd0f3c9318350e5dcceb1a6
16a7292b-03c4-4a0a-8dfc-7f9287e279ee,623f25b95ea10f73dc41c92499395cc42b40b55d
71fe7815-4241-47c5-bcba-2df8b8220688,6436dce0e39f15a1ca9269e6ca813dfebb0af3a2
1246c069-b171-4726-b7a0-d6ddce6fe743,8bcc95c4a92bcfde5762afc6d97f5dfa2005ede3
97b531f4-a70b-4dde-b7e2-3a863de1df34,91bf323aec3270df0ec8082389119d536c395655
fa86e8b9-7a54-4e7b-9ea8-9f9d6cf9ff37,9578679e028777dd709881f938114aa59fbbf481
9457b379-05d1-4e03-87a8-cccab6d164e7,9b0787efcd120424b2ab3f4eac69e3d3d090ecf5
8f706def-c933-4f9c-a48c-e63a57131518,a95903c7c35bd830c1f226b21c6bbbf7c46b5374
f4e8f84f-85d0-4cb3-9b48-d569b5b910d9,abb67d59b7569cfae6596568e552d9e9691d8842
d2b1f77e-5083-4e72-a808-ff42de8cecb4,b94ee10865e7144dc85e34d5303561c1e482bc4d
fcbbafd4-4561-48f1-b1d3-2d89b056a4ac,beb6475b664ae1d63157738329388f32b5e5169f
03000b8f-8374-44f5-b94c-8ccace0d4c34,c596f6aedec635ad795ec6c7f3404ad5aa23d3e8
43e6cd04-b7d0-49d5-90b4-ce019ddecf59,c5f2f13778af201f486b0b3c4c8f6fcf36d4ca36
11c168ca-e834-4956-8b0d-d74582f08706,c7f287b62c5f0bed8e0d44604563c57908133d59
5d606c96-c9e7-4c30-ae7c-dc4e0ff5eac7,dde07ca267fe9c1fe0f53e075c8904ed26f723f7
de8c4ebd-7baf-421f-878f-4cdad24c6368,e07c2e66dab7b61091bb8a4ad132bf279c233027
ebda40d2-1343-4a08-b692-74b9425c65d3,f7f1b18eb94f232662f355eb32b7e8adb6f7090d
97a5deb3-60e1-45f8-b6d7-fc0a34923752,fee9b6220e2df26d23f3dc0bfaff3636cadfde1d
5d64c066-d0fa-47f0-bc0b-c056b4b905ee,006b8c5d5b38e8a07091b5b001ece6db1d2b132e
39a638cf-507c-420a-949f-615d8efe502e,04fa53cfb61af83163258b5c4cbe0883a3fb43e2
fca4f0d5-ea8f-42ae-9fd8-5abb4b1cbe17,0ebe8edaa7a60142c70e7b1c478524b37c0b6b48
f86dc343-1e21-425a-945a-7e496d883ea8,0f2d98a088d555c3f4fd480fee86e214174ed0be
cc17034e-cad3-46e3-b5a4-bbc8f4bd61f5,10d6778bc45aebcd58d336b4062b935861d2fe8a
86e22660-bf67-4135-9b49-6e8eb10f15e1,129e43c3facc5ffa9765b725edce6431e8ab14f1
b330bf3f-2bb1-4734-9a0c-8518acf87cad,1daf375141571501ca8c30b62d7c14269d566762
3b1f5ba3-a6a7-4f01-a983-42ef2a914b48,24a0993b3ac32a4a3bd15fd9aef408bcff6f31f1
8608234d-c2e0-4588-b643-7c4e19b8e917,2799020edc17c7c698e12a5b1b096ec654f2247d
4fa3288e-bed4-4cbd-b2e1-4ee111b3d0ab,2dbf00a62b75f9fd251993fe4708eb2435644a0d
96ccad69-2661-4143-9744-19fb0d7114f2,324b4b6a2031821b115c1594f52f3a252b049994
bc1e2f6a-8352-419c-9a4d-318ffafbe118,32fe54dc750ec6f189d775e405ec06ad533d90e5
2b682036-3977-401e-ab7b-8d7cb915037c,3b856c6567fe6f7770306f8cc20cd480c44f513c
09fe194c-5010-4c62-b7f5-e05f4ed3ac81,3c493143e49ef3304e85222c16c1cfde2b058dd9
b7cd91e9-3032-4091-b44b-e960689422d9,45b21dacd44d971f41dc64338a124ff226e5fd39
bdf62f0f-951e-4dc5-8a6f-4cbdf12c67c5,466c8a468a6823f42220baf406ec3ac7c042380f
2a9ed8d2-e0b1-4e1d-b6ec-e1b60972859a,4df2b0a53b4cc77f0223871da5b6e9832862d862
d7f8ba8f-8e1d-41e8-ab03-1a15d4c853ae,4f2c03529f87d2875dd5b10cdc702cd0c5c82225
bd116591-9688-47a8-ac55-f8678a7e251d,54eafbf7621337724c6591cc13e604986243293a
cdcf691b-b66e-4d71-9842-d581200d3365,795ab91272adaab848cb14de1dd9b105a93b5c67
fde38d5a-65c3-4ec0-be9d-029b906802f3,5bf63352a3a5c95d69f9c8e668b042bd3e3cb1aa
81ae48df-8737-4aa9-809a-2ce43560ca4c,7cde010dd6a6306a0ee4c1c9715a731ced2f1621
6212a90b-6b45-4edc-89c9-4d7d1c395dfa,7cfe5c41d06edbe5897ebf76cbfddba5dbb1ddd3
2298335b-d7ca-4b17-b811-f2f79205844c,807f587cbaad44521d7783a8e9196ae978eb170a
4ad9c390-0f3b-4cac-931c-9226d0b173a8,8acb7f72c9e83528b9bbb75381fe1b719d1db7cb
2304591b-0301-4a43-a4af-d6a36f25e526,9c1a028299cc2b7f4cbdbe6e19abfc844a6ead6b
a943ae4e-01fd-4289-bc28-8f85c48f0ce2,a6dcc17c6f3dbc2d203ade9ff671a895a9dead7c
bd04bf26-49b3-4806-883e-e4b503dc10d5,aeaab3f93015cf0e4a8cba046fec4280624d24ac
6cfbc479-be7d-4f3c-92dc-e279518da9d0,b79c9574f47f26d99f2a1b353982fcea9744688e
5614ff20-8f21-47d8-8d7e-e4804772f744,bb567725432cef8a3f6a9ce07c230d1d1f76a443
c9804369-050b-43e4-8620-de597b5b760e,d9de39cf27a5b6449b811e872a083f289572dbc8
153c0a38-1cba-480b-8187-9a6cfd273d00,e17283db2dadc7467802648ac2a94945dc7a5242
613ccc21-e887-4bea-bf55-fea3b2d5e076,f44e0b5372a4fb1d8e1b15ca9e9cab7b4d65dd94
fc5d1cdf-45cf-4ed0-a9c8-7be9ba6d30d5,f8c71cc546ecf355fbc7f6efb2a57caf1c5c3cd9
272ae194-7d2b-4e6b-b34d-37b259dd6a12,fe30dc915eefa40755b25a363813fcc575536661
56a72f7e-9357-4b7b-a9bc-6efe723a765b,ffb46f26ebff29b31b16c6e4b60d85019e19ac75
ca8aa231-9c8b-42dd-8efc-beec247c1917,03589e1917debe6df148cac8963fd008e4140237
3400345d-8bd7-4ed1-bd98-4ca4e27e056c,245940a713a5c0870f566a5467060b834b23a2dd
0b6d42e9-ab88-414d-89d8-6575883b3d66,283713e08b5b8c559346019c87eb2613e3ab7cbb
8f2718f1-12cf-4b1b-ae18-3dfcd89ab01f,2c56421ff3c2a69894d28b09a656b7157df8eb83
49610322-a773-41cd-a21c-964b35f18656,301fab7164598bd80a0e7180993de1759fea5443
c49869d1-0c5a-4f26-8649-6b90d0139372,3d9d3a09520922184ed3aab62172f2614760db34
d380201f-db01-409b-9fc3-bf5a693923c9,44ad34733933899718942dd814a52db29c33f35d
ff4c0cf9-ac42-4e9e-bbd5-bc6183d575dd,4eb78d9230d21c0ec8b590d5408b60b8da015986
09d70ec4-4127-4054-a846-9f2136247c0b,5d553bbae966a693b2263f2108e669b382a8cf94
6f26d9bd-5f66-432f-a236-5de79dab3098,62ec637a71bf2732b1b0e1c38e15cdec9f4d8c6c
209bc862-06f8-4000-b993-7be440fefb8b,771ca13f78a6cfda9ed99004a386e9e7e187bd34
7b7a2c6d-4c74-40c5-a35f-ad247a0e353d,7b95d389bc6affe6a127d53b04bcfd68138f1a1a
d6ca559f-2201-40ce-8745-5c97239ba21b,851e7b462e225414aa5dda7f626055e3d98bfe2b
beb370de-694c-49d7-932f-7cee5cdc0e93,8a99634e0b418ee61c9bd81f61d334b80486dc53
eb4e2e62-53f1-4f23-90f4-08cf8e1d550f,92527edf0fa6fab3c8c63a0ade08b0cc51359d0a
8da0a0df-f1e7-41ad-9d8d-c90d898a6622,aa00e6e38d9845edc02fe0ea038a0af6f5ad6ad6
550d4fff-a4fb-4a0d-ba55-78dff0c74cb9,b59c046a2ae59aa4402d74f4689d4382d25ae16a
8ee4eb6d-3112-4304-b40c-7ffaf0016780,bc5020b7418a51f607eecd4a084b9794b51da002
57904d1f-83f0-4244-abf8-21917d5e9fe9,d5f169880e30e1f76827d72f862555d00b01bed9
a783c7f4-50ad-42ce-88a1-0d3924f094e7,dee89541feff018c45e4a2701e03efcd1d3d3fc5
b473119f-3912-48b5-882d-9d0533d36fde,eb82d3035849cd23578096462ba419b53198a556
85d42377-edec-4ad8-9769-d8e91b3c44a2,ffdefb57372320d25f7e6a692cc7aee9b9da3354
01027e21-bd18-40a5-aee1-15e2a9daf1b7,058861dd838ddf4a6a36860f54e82e11f8945b32
3a9f33bb-e155-4d8a-a742-d244f9a8c98b,084c55d6432265785e3ff86a2e900a49d501c00a
6173ace2-760a-4642-9b21-3f4c94790b9d,123a6d5db39ed481f37923cc8eb6822052b18fa0
0a5565eb-eda1-4975-984a-efbd803f31a0,1daf375141571501ca8c30b62d7c14269d566762
651d4b21-957f-4631-9e08-bfbc3b06b164,20ddf51853872dbac2ac7d9ea7cd397bc46452b5
b2db9a87-bc75-436f-b5eb-93267d055101,2d7f212d9251afc479d9a67570d5e0a5b4337d04
ed14da8a-576f-4b08-8d8a-45c9f678e80e,466c8a468a6823f42220baf406ec3ac7c042380f
7df16e29-cb64-4d51-b802-1c109f9d075a,49af3e80343eb80c61e727ae0c27541628c7c5e2
ed7a27a3-e825-4e3c-9f99-151f76664b1f,4a48e0d97d9f61a92841151b7cd3d4923edd6a8e
4b6b9218-558f-46b4-ba7c-bb0dd2db02f1,4f2c03529f87d2875dd5b10cdc702cd0c5c82225
1fe6f8f5-27da-433c-ab3b-cc001bceb677,591394cfab5879934a59f6c44f03b6c4009042f0
715fde06-364f-41de-b6e5-8d858c538e0a,5bf63352a3a5c95d69f9c8e668b042bd3e3cb1aa
af17a2e8-313e-4828-80a8-f8c2e7a4f393,5f33eb38d9ddcaff826562c6fff4d38f66219d2e
926a0bf0-cfa1-4605-8431-b77b6723f428,60a244e8ba7926ed8e58f1e04353883c434b3746
01c2eab6-9acf-48b6-b661-8ccd8379c569,6120e94143a90ee5af5c7bb90a00681d4ddc34d2
f8f23382-04f5-4335-991f-4387965b6c53,66ed3a746730ebd6199cf03f1305d0d0549455fe
f76d3a39-951e-4c68-a6ba-c740ef294e9b,689db47587e33f5f8e6e5aa41142329908130fe4
56e40c70-4844-400d-aeef-0b584b613d93,7120a649c4bde2a9f05d3dc518c2df0381a0f5bf
94b54329-5649-4d70-bc10-26e8b9eaf1b9,7cde010dd6a6306a0ee4c1c9715a731ced2f1621
fcf98b6c-b90d-4ecb-92c4-e20341ccff77,7cfe5c41d06edbe5897ebf76cbfddba5dbb1ddd3
1571f3ae-04d2-4ec5-b6a4-5a4eca516325,8d1008a699d8f4084cffb32f2bd540af458edf05
df370a81-ae3c-4edf-81f7-f02239be018b,9a12ac1e3b51f30042abdadc5636c88d41bf0ca7
13607fe4-e7b3-4f4e-aa22-007b83a97dc3,a011209e0628633b60223311797bc29c3a6902f8
789134f6-813b-4a2c-b9b7-629009f3791f,a5ec2b7b9e24270dd87841221608670af0afe710
2274be44-b9f1-4045-918b-2ede31f82987,b1a4f9b10d794a549bb2a20f68186518199ed9fe
00f8c0a4-ac62-45a5-9a97-55239b56a9fd,bb567725432cef8a3f6a9ce07c230d1d1f76a443
a9d0b07a-3abe-454a-83e9-86191948ab89,d815d47d8dc0965286007db6e179fed732a18f68
1c6e3a8e-42e5-46d1-b7c1-a36090b103e9,d9de39cf27a5b6449b811e872a083f289572dbc8
c68b6ba1-e241-4498-abdc-9d8626ff8738,e50a316f97c9a405aa000d883a633bd5707f1a34
d8155747-ca33-4560-a83c-978845640da3,f10a882cfd01a47014bd3ec5961fdbd2726e9e13
20daf5e4-729d-457d-8b4e-4d4ba44660c7,f31e159e5472a79c92042b5dee4bd04c26fd4f25
854cec61-fadb-446c-a088-22eb8aa62147,f8c71cc546ecf355fbc7f6efb2a57caf1c5c3cd9
32d0a85b-0358-4bf1-8474-20941c29ed56,fa64ee21b647b3b3c16a60db6d6580a57655130c
d95e7fd5-84e1-4205-bf0b-4010528402be,fc71752810ab7151f2f7e338556b69b3f281e043
09d32c6c-8e1e-43ea-bb6c-ea8e2eacba05,fe30dc915eefa40755b25a363813fcc575536661
b3623173-608a-4bcb-bf4d-146e165e5378,32448280ef3d03af2fb639bbe1b3709c4bb6c78a
4da29f6e-a531-4432-8eee-cc84a76cf625,b62222ceaf242b0560a3dd1e5631bdb326c9b346
39d65d57-5ab0-4401-ae6d-ec780a2134c3,32448280ef3d03af2fb639bbe1b3709c4bb6c78a
2c3fcc7e-78cb-45e7-a3f3-2a3004154f7f,8dce0155d6213df30a19b09111d9038a60845543
14319e81-b896-49d3-bc2b-ed6113412ad7,b62222ceaf242b0560a3dd1e5631bdb326c9b346
67107590-9405-4733-bb4f-9a0e4cb74710,2e77aff5b567d6508830cd4751053bd1ca2b876b
d3c99f14-05df-4bff-b9b3-3a06f62352aa,f777c612b9ea1ab522f9f75c211549c547464caa
39dd0c3f-d39e-4d66-8e52-89838c6c9cbb,08b75d31a90f206b36e806a7ec372f6f0d12457e
2acb0e5b-d1c6-415b-a299-e81c317f06e1,32448280ef3d03af2fb639bbe1b3709c4bb6c78a
c5c085c3-95a4-4b7d-a3b6-8335f8f58265,32bbef1c8bb76636839f27c016080744f5749317
842dd011-2105-4ff4-860a-61d28879fadc,465a755ef79ff8d74f7a355012269fa5fcbba477
dac00d08-9327-4fd4-8f13-63b29bf684e3,8937f6ecd5e19b85c2875bad3e10e320fd15623b
37209507-6c22-465e-bd83-17d83a9626d1,23996d66d95bbd5dd85cf7c53ecae976c924008d
016fbe4a-9422-447e-b02f-d2e9a3d21ace,2cfcae505ea3a95388ca0c535a30ce7b0b6c03fd
c39673c9-5a74-44a8-86e4-1a5a6358cd24,32bbef1c8bb76636839f27c016080744f5749317
04295f52-a48a-4e8a-b7a7-cca4b6d1cd6d,eade94f3070fad61d172c27a6ddd09aafeac45f0
7387a777-e3f8-43fe-86fc-4881420a9ce0,3f2f6772d96d972e3b2da5aaa8a0f2feefdf827f
86bfdf81-2d92-4ce6-9c6b-c4ac9ca7768d,ab80b2b77127589be26777ac6ae2801fecf9f009
676719e9-5b60-40ab-9a46-0166cdb96f45,d2bcd9e62ef8fa4eb937f987ca23aec46545fb1e
63ac9140-fba4-4e2d-9eba-92554cf5f596,4f09e6ec1b7d4390d23881852fd7240994abeb58
b2dbd987-0f8e-46d2-ab59-6424e3c70ab9,3653266b5427295bdd54d6a22bf4caaa8c0b6961
5f377117-5af7-422c-a230-b11bcb4a4d03,6b3853f08c482fe1bfbe39d656d50a8c73976f3c
87742e69-4a99-430f-9490-a613f75efc82,79ea6a5a68e05065f82acd11a478aa7eac5f6c06
8ec75384-a488-4a3a-82a4-316533f4aa12,b9cc1773259bd3f898e8c0c7cd4654aab91b6ad6
9e02f5e0-c295-4ddc-ac12-9098ca2a54a0,23bcfedcbcdc0789e64995222827ee8fdf9aba3a
cf570beb-981a-4af1-b385-49e6532b2b75,70f85e852b00816188026808d8eaab8e068b9d03
dd2edbf3-6166-4d99-b39d-b3adba8420c8,7e7343a5608fff1c68c5259db0c77b9193f1546d
3bc6b1d9-726c-4874-b8cb-3bbfb284e792,2cfcae505ea3a95388ca0c535a30ce7b0b6c03fd
8de91231-5639-4ff4-ad4d-c9589990a69d,0027d580b2ab37a49358d4490021e1bef1af3af5
8a7640ba-114f-4ba5-a580-6ab67f2de327,4150895f17e4239b84b971e497378f4a7529a979
218303be-ee65-4950-b296-b344f4fb952d,b9cc1773259bd3f898e8c0c7cd4654aab91b6ad6
596dadbb-e4be-4e5d-8969-82405af3a5c1,6b3853f08c482fe1bfbe39d656d50a8c73976f3c
7ed30d87-e219-4e06-b7ef-a14974c85ca0,23aec531c9245b3fbc93567faecf0a7a63431d94
411d5b73-fb1a-4ccb-8f1f-6274d36f28cb,2c0270f89f9559239112e79d9fa1aee2d58adaf7
658e8c0c-ea0d-4b3e-b5cd-6440bd004951,7ede21f643c160432d3c53f501581337e9a39dac
1cbf3365-aa5b-4d30-92dd-b82b0910989b,0af651764f9b3af12596a55d036498da13d0937e
c9bc9ff9-c8d9-40b3-9dfc-39df6cdbb0a5,3f2f6772d96d972e3b2da5aaa8a0f2feefdf827f
9da06533-f9b3-4d3f-87bc-d55c486f8a23,abe361499d8f798bba3124fb71c4c9961aa12d9d
20440e17-6905-40e8-a4b6-f0b4f60c434c,d2bcd9e62ef8fa4eb937f987ca23aec46545fb1e
89fb5260-eaa7-48ad-b41e-ca9d4461fcf3,d746c3b6c05dc77c72bf5f3aa100b4e61d0befc3
7410a83d-656c-4ede-8784-77a6da6843a6,32bbef1c8bb76636839f27c016080744f5749317
c70f7280-eb6a-4ea5-bc49-34084607c70b,4f09e6ec1b7d4390d23881852fd7240994abeb58
390399dc-1184-4602-b1ac-8d835ffb33a2,d2bcd9e62ef8fa4eb937f987ca23aec46545fb1e
543c93b0-6603-423d-8193-16b5d27a5919,04ce064505b1635583fa0d9cc07cac7e9ea993cc
7d93bb55-63b2-4d5b-9f33-33acd4206f26,05759708325f6f4543efab46cb66f6725efe0e8f
3d731204-2201-4c62-85b4-f73a51b043ba,058861dd838ddf4a6a36860f54e82e11f8945b32
56bd9e26-815f-4301-935f-50aef575d9ed,0f1a73fc03b740b38d29278872366a44f877f56a
683a995d-4444-481d-b990-4ec752e8cd54,10d6778bc45aebcd58d336b4062b935861d2fe8a
886195a0-ea60-459f-b25d-11574fb7cd19,17197351e9d61b53cfb89c25c516aaa7c97bafe3
d266750a-4036-4cda-93e0-6e1de39a2121,1d7c27e8083a4bf89b6f3bfb91455ccf0a7efd84
27679493-85df-4e68-8fc8-d53772f2a20b,2fb318e0c3e9c2b11e711d3182c76f3dd39d1322
cdf37e16-1aa1-4114-91f5-598de77b9514,2fcc68d937f2d23319e1c93bd34c94ea77a6d6f2
5a45a0cc-35c8-40c3-a9cc-b64aacf5ea03,36931412c9dc79c9d55751ea46b518bff9fcd3b8
9eab127d-2527-484f-8e1f-008c76d14bf4,39fd8dd8544d71105258122702bce5c425c7d270
2fd017ee-65bd-4647-9f45-d0f049420a5e,4810fee58d520cf61c01eb78a482b18919a9bca7
02c00841-6502-463c-8a50-1bccd4c3a61c,4bc2ba9723e34832e35976654e56388cbbdfde17
5886f5c7-7699-46b1-a1ce-64856807655a,4d1ebc191df29fa577b8c8bc2f85c15202e9df20
c82e7bbc-a2ca-44ad-ac70-8849c7e110bf,5de1876ba835585660b84f1c2805cc30c6653a1e
cd26bc1a-c096-45f3-87dc-f615d46c02f1,7823a7c25ec93675b7bd5defade279c5550465a2
6d5b264f-6088-442d-bd61-684a800ec8a2,97ac3841601e82e900a32f3a1796faa2899b96b5
c56cd0e9-5ed3-418b-aac1-f4f38b4ed97d,a4e7409748fa0c869dc876a67625c99cf111eb73
21f990d4-710b-41c8-bb56-2f22cb7f327a,aa8fb30cb32229c748963f33ecec2085b45dab84
b58a53aa-8476-43b5-acac-83dfea46c2a2,add4ecd63de0de0f70205a6eba19cb52af05845a
5e399b0b-8085-4d47-9399-07364937478e,d72a4c789b904af8a5a19f8b73813c95d21c1f05
c2a65b1c-03c9-46a4-b8f5-cd6b27423e41,e0c01df98a6b633b25c96c1a99b713ac96f1c5be
62785401-fa4f-4494-a0cf-5d2998f77216,e1ca9b6a4171642c69262fe88695a5c7a1672b99
fa08b31f-520e-42f3-97d2-1a5c49aeb3d6,e9d1335fddddab3180ffaa8946b9fa2325df4294
60734c96-e456-4726-b3e2-7ab1cb3c63d6,eb82d3035849cd23578096462ba419b53198a556
faa7797b-e521-4243-80bf-d80a7dfbebb0,fc270f31bdb6a6106f9a04fb00eae51b89391317
0da0654e-2eb4-49bf-a267-6df1d58d5262,10d6778bc45aebcd58d336b4062b935861d2fe8a
fa0d9353-426d-4aea-aa37-fca2799a1cc9,23045299013e8738bc8eff73827ef8de256aef66
52006917-0830-40be-be4d-bd99f6c47523,283713e08b5b8c559346019c87eb2613e3ab7cbb
53ee7119-b148-4c6c-9d73-ccc9e5911657,2a9b20d3467b5f6b5fa7bb4d4dabc36341e0914b
9a3fde5b-a372-4ad5-bbe3-6b9f2216581d,2ce3a4cc3c4f1b512121f4f916bed1e311c9ab27
0d0983b7-f305-4ecd-9df6-459999b4a282,2d7f212d9251afc479d9a67570d5e0a5b4337d04
dcd39226-ed74-4e89-8bde-c0fa4312e55c,301fab7164598bd80a0e7180993de1759fea5443
28e23a15-df6a-4565-9617-37a4030b4e9e,322293bb0bbd47349c5fd605dce5c63f03efb6a8
75796eae-ba4a-46b1-9574-a6a0a0e4668e,4ade4934db522fe6d634ff6f48887da46eedb4d1
8733f897-e196-4302-85c2-422a3f0d819f,4b716eca1014f608d390507b5f9597a25521da3a
ae1d5570-bbb1-4d79-bc98-e31c4d44e4fe,4f09e6ec1b7d4390d23881852fd7240994abeb58
14e373f2-a8cd-4454-9d00-d2799099688f,591394cfab5879934a59f6c44f03b6c4009042f0
2b9a4cef-24cb-4300-8ef3-36c079162c63,5ffd89ef574c1b5b0b5eaaa86cd35fc31d467658
c468ffed-630c-48d4-b73d-5269b6c1a980,6c2b28f9354f667cd5bd07afc0471d8334430da7
b9048ac4-4cfb-471e-a11e-edc39cb75601,771ca13f78a6cfda9ed99004a386e9e7e187bd34
455ac734-845f-4b70-b0ab-67c45de4a251,7a65f23d990231d461418067c808b09d84c19b2c
ce687425-d7dc-4891-a809-6adfe38f7ed8,7b95d389bc6affe6a127d53b04bcfd68138f1a1a
b8c87e97-c1c5-4fb8-8438-44584884b6bc,7cfff033720ca01f31363f57afaca85e93adf6b7
020f0d1c-9501-45ea-9583-8ce24263f10c,8054a2ea6ad690ba50298bee60ef2715d88eb8ab
66faec08-5b99-4cbb-ba9e-f8524829605d,8a99634e0b418ee61c9bd81f61d334b80486dc53
6d9c1ad1-9136-4f25-b3c5-4af7b2e124b7,92053021a4638e049743231ce4b761ae82b9cbfb
90ab635b-9b12-4a16-b93d-0f8a483cca07,98449bcf80e52e0e902efd288b68c701d5392099
63c42403-991d-45af-b07a-36816b120d9b,9d24c1d4253acbe9ede67eb8528b4e95bf15edc4
45fadd56-7a0a-47f2-92db-d799d4653386,a05a4b0746052d4199bd9fdbc49404c32939693b
92ad3ee8-91b0-4cd7-9230-d9df345dd41c,a57c6d627ffc667ae3547073876c35d6420accff
adbec6ca-4da1-4ec7-b91a-42a41ff87206,a600850ac0120cb09a0b7de7da80bb6a7a76de06
61966356-eb9e-4987-9981-31c056eada49,b4d5633b96ea5e0f9e90e03df58e8ad0f6f3dee7
8b4ab1a0-cec9-4e90-97c0-af4089db5b8b,bc1022b031dc6c7019696492e8116598097a8c12
01615c98-600b-4863-8d10-e98dbe4c1e93,c467ae4d7209bb6bc06f2d7e8f923e1ebf39213d
0cbbe104-e47d-4e1a-944c-8bcc1bde4436,c4fd9c86b2b41df51a6fe212406dda81b1997fd4
276aaf57-6c44-4efa-b273-2e3f2b170243,c7093913b4daa0f34d9d58a41ceb0475cc3cc9f4
b05cc169-4634-4219-9fdd-293d8a141c08,d825bf46370fce586a3c548e526ff49b4aeba872
3b5b6d41-c405-485b-9285-2622f8a9eb71,dac72f2c509aee67524d3321f77e97e8eff51de6
edf04155-acd7-4b15-9399-b782c142eb4f,decd9bc0385612bdf936928206d83730718e737e
36c639a7-83c9-4639-a97c-3cfce2803745,df64be1e1c486038380199d124fc2b15536adfcc
e808d1bb-6d61-420a-b2af-78ff7657ff8c,e5305866d701a2c102c5f81fbbf48bf6ac29f252
8b76760b-0193-40d4-a42b-e05679c37778,e53f7d7314812177eeb9d032ca83c706c28bbca0
6b2c06e1-fc0f-4ebd-be9d-a2fb836b08f3,f198043a866e9187925a8d8db9a55e3bfdd47f2c
b06e6990-2cc3-410e-a155-3ba1fa755f98,f280c160c1c749727b905b56364bb2d764b35629
61c253f2-d7fd-4feb-93ab-f85882073428,0e3e3c3d8ae5cb7c4636870d69967c197484d3bb
c7277a33-58a3-4565-a496-90db25f9a685,0f10c6f57e7b640a2e89e94b5ca7d2b0d46d3925
a17265de-f7cb-4d82-be29-1ed567b362a9,0fa28d8a77e438d58b3d3670028b4e4f5380732b
3f033948-847c-44ae-ab60-c263f85ff615,1736c33defcf1dda6742e4d577b7e0ce9b63e4fc
1657b714-3022-4eaa-a830-33f1e0086a96,1cf65a8c9e9ac8bd1db487004185ad0e15b9b9dd
eda21e62-d87e-4390-abf9-730d993d917d,265be00bf112c6cb2fa3e8176bff8394a114dbde
4f816bcc-a4c1-41e3-bf1c-9e064056ea27,283713e08b5b8c559346019c87eb2613e3ab7cbb
15283f32-cdbf-4ef2-8c50-dd78be9f52b9,2a2789e6d86d830d23a70ca8b139959bec916ab6
5fdf3440-5a8a-48ea-a0d5-e467dfb6ac64,2ce3a4cc3c4f1b512121f4f916bed1e311c9ab27
a46e55f6-d939-4f7a-a9e7-f60cb865c462,301fab7164598bd80a0e7180993de1759fea5443
901cdb7c-3ba0-48f8-ac20-f0748ce765e7,44ad34733933899718942dd814a52db29c33f35d
9126ac06-77a1-4860-b04e-be5e1323306d,48b5041a24cbf3048c97e85c4fd7c0214da942b5
